crew_id,duty_id
C0061,D20261002-BHX-A320-03
C0061,D20261008-BHX-A320-01
C0061,D20261012-BHX-A320-02
C0061,D20261014-BHX-A320-04
C0061,D20261015-BHX-A320-03
C0061,D20261018-BHX-A320-05
C0061,D20261019-BHX-A320-04
C0061,D20261021-BHX-A320-02
C0061,D20261026-BHX-A320-03
C0061,D20261028-BHX-A320-03
C0062,D20261001-BHX-A320-03
C0062,D20261004-BHX-A320-05
C0062,D20261007-BHX-A320-01
C0062,D20261009-BHX-A320-02
C0062,D20261011-BHX-A320-03
C0062,D20261015-BHX-A320-04
C0062,D20261016-BHX-A320-02
C0062,D20261017-BHX-A320-02
C0062,D20261022-BHX-A320-01
C0062,D20261025-BHX-A320-04
C0062,D20261028-BHX-A320-04
C0062,D20261030-BHX-A320-03
C0063,D20261005-BHX-A320-02
C0063,D20261006-BHX-A320-02
C0063,D20261009-BHX-A320-03
C0063,D20261011-BHX-A320-04
C0063,D20261012-BHX-A320-03
C0063,D20261016-BHX-A320-05
C0063,D20261018-BHX-A320-04
C0063,D20261019-BHX-A320-03
C0063,D20261020-BHX-A320-03
C0063,D20261023-BHX-A320-04
C0063,D20261026-BHX-A320-02
C0063,D20261028-BHX-A320-01
C0063,D20261030-BHX-A320-01
C0064,D20261006-BHX-A320-01
C0064,D20261008-BHX-A320-03
C0064,D20261011-BHX-A320-02
C0064,D20261013-BHX-A320-03
C0064,D20261015-BHX-A320-02
C0064,D20261017-BHX-A320-01
C0064,D20261018-BHX-A320-03
C0064,D20261021-BHX-A320-03
C0064,D20261022-BHX-A320-03
C0064,D20261025-BHX-A320-01
C0064,D20261029-BHX-A320-01
C0064,D20261030-BHX-A320-05
C0065,D20261001-BHX-A320-02
C0065,D20261002-BHX-A320-05
C0065,D20261003-BHX-A320-02
C0065,D20261004-BHX-A320-02
C0065,D20261014-BHX-A320-02
C0065,D20261019-BHX-A320-01
C0065,D20261020-BHX-A320-02
C0065,D20261023-BHX-A320-02
C0065,D20261024-BHX-A320-02
C0065,D20261027-BHX-A320-01
C0065,D20261031-BHX-A320-01
C0066,D20261001-BHX-A320-04
C0066,D20261005-BHX-A320-01
C0067,D20261002-BHX-A320-02
C0067,D20261004-BHX-A320-01
C0067,D20261006-BHX-A320-03
C0067,D20261008-BHX-A320-02
C0067,D20261022-BHX-A320-04
C0067,D20261023-BHX-A320-03
C0067,D20261029-BHX-A320-04
C0067,D20261030-BHX-A320-02
C0067,D20261031-BHX-A320-02
C0068,D20261003-BHX-A320-03
C0068,D20261005-BHX-A320-03
C0068,D20261007-BHX-A320-02
C0068,D20261009-BHX-A320-01
C0068,D20261010-BHX-A320-01
C0068,D20261012-BHX-A320-04
C0068,D20261016-BHX-A320-04
C0068,D20261017-BHX-A320-04
C0068,D20261021-BHX-A320-01
C0068,D20261024-BHX-A320-01
C0068,D20261025-BHX-A320-03
C0068,D20261028-BHX-A320-02
C0068,D20261031-BHX-A320-03
C0069,D20261001-BHX-A320-01
C0069,D20261002-BHX-A320-04
C0069,D20261003-BHX-A320-01
C0069,D20261007-BHX-A320-03
C0069,D20261010-BHX-A320-03
C0069,D20261013-BHX-A320-02
C0069,D20261014-BHX-A320-03
C0069,D20261016-BHX-A320-01
C0069,D20261018-BHX-A320-01
C0069,D20261024-BHX-A320-03
C0069,D20261026-BHX-A320-01
C0069,D20261027-BHX-A320-02
C0070,D20261007-BHX-A320-04
C0070,D20261009-BHX-A320-05
C0070,D20261011-BHX-A320-05
C0070,D20261015-BHX-A320-01
C0070,D20261017-BHX-A320-03
C0070,D20261019-BHX-A320-02
C0070,D20261022-BHX-A320-02
C0070,D20261024-BHX-A320-04
C0070,D20261025-BHX-A320-02
C0070,D20261027-BHX-A320-03
C0070,D20261029-BHX-A320-02
C0070,D20261031-BHX-A320-04
C0071,D20261002-BHX-A320-01
C0071,D20261004-BHX-A320-03
C0071,D20261009-BHX-A320-04
C0071,D20261010-BHX-A320-02
C0071,D20261011-BHX-A320-01
C0071,D20261013-BHX-A320-01
C0071,D20261018-BHX-A320-02
C0071,D20261021-BHX-A320-04
C0071,D20261023-BHX-A320-01
C0071,D20261025-BHX-A320-05
C0071,D20261030-BHX-A320-04
C0072,D20261003-BHX-A320-04
C0072,D20261004-BHX-A320-04
C0072,D20261005-BHX-A320-04
C0072,D20261008-BHX-A320-04
C0072,D20261010-BHX-A320-04
C0072,D20261012-BHX-A320-01
C0072,D20261014-BHX-A320-01
C0072,D20261016-BHX-A320-03
C0072,D20261020-BHX-A320-01
C0072,D20261023-BHX-A320-05
C0072,D20261026-BHX-A320-04
C0072,D20261029-BHX-A320-03
C0073,D20261002-BHX-A320-01
C0073,D20261007-BHX-A320-02
C0073,D20261009-BHX-A320-03
C0073,D20261010-BHX-A320-02
C0073,D20261014-BHX-A320-01
C0073,D20261015-BHX-A320-04
C0073,D20261018-BHX-A320-05
C0073,D20261019-BHX-A320-03
C0073,D20261021-BHX-A320-02
C0073,D20261022-BHX-A320-03
C0073,D20261025-BHX-A320-04
C0073,D20261026-BHX-A320-03
C0073,D20261028-BHX-A320-01
C0073,D20261030-BHX-A320-02
C0074,D20261004-BHX-A320-05
C0074,D20261016-BHX-A320-01
C0074,D20261017-BHX-A320-02
C0074,D20261020-BHX-A320-03
C0074,D20261022-BHX-A320-04
C0074,D20261024-BHX-A320-01
C0074,D20261025-BHX-A320-01
C0074,D20261030-BHX-A320-01
C0075,D20261003-BHX-A320-03
C0075,D20261004-BHX-A320-03
C0075,D20261012-BHX-A320-01
C0075,D20261014-BHX-A320-03
C0075,D20261016-BHX-A320-05
C0075,D20261018-BHX-A320-03
C0075,D20261021-BHX-A320-01
C0075,D20261023-BHX-A320-01
C0076,D20261001-BHX-A320-02
C0076,D20261006-BHX-A320-02
C0076,D20261007-BHX-A320-04
C0076,D20261008-BHX-A320-01
C0076,D20261011-BHX-A320-05
C0076,D20261013-BHX-A320-03
C0076,D20261015-BHX-A320-03
C0076,D20261020-BHX-A320-02
C0076,D20261022-BHX-A320-02
C0076,D20261027-BHX-A320-03
C0076,D20261028-BHX-A320-03
C0076,D20261030-BHX-A320-05
C0076,D20261031-BHX-A320-02
C0077,D20261001-BHX-A320-01
C0077,D20261003-BHX-A320-02
C0077,D20261005-BHX-A320-02
C0077,D20261009-BHX-A320-05
C0077,D20261011-BHX-A320-02
C0077,D20261013-BHX-A320-01
C0077,D20261017-BHX-A320-04
C0077,D20261018-BHX-A320-04
C0077,D20261023-BHX-A320-05
C0077,D20261028-BHX-A320-04
C0077,D20261029-BHX-A320-04
C0078,D20261001-BHX-A320-04
C0078,D20261002-BHX-A320-04
C0078,D20261004-BHX-A320-04
C0078,D20261006-BHX-A320-01
C0078,D20261008-BHX-A320-04
C0078,D20261009-BHX-A320-04
C0078,D20261019-BHX-A320-04
C0078,D20261021-BHX-A320-03
C0078,D20261023-BHX-A320-02
C0078,D20261026-BHX-A320-01
C0078,D20261031-BHX-A320-01
C0079,D20261002-BHX-A320-02
C0079,D20261005-BHX-A320-01
C0079,D20261008-BHX-A320-02
C0079,D20261010-BHX-A320-01
C0079,D20261012-BHX-A320-02
C0079,D20261015-BHX-A320-02
C0079,D20261016-BHX-A320-03
C0079,D20261018-BHX-A320-02
C0079,D20261019-BHX-A320-02
C0079,D20261024-BHX-A320-04
C0079,D20261025-BHX-A320-05
C0079,D20261026-BHX-A320-04
C0079,D20261030-BHX-A320-04
C0079,D20261031-BHX-A320-03
C0080,D20261002-BHX-A320-03
C0080,D20261005-BHX-A320-03
C0080,D20261011-BHX-A320-04
C0080,D20261013-BHX-A320-02
C0080,D20261017-BHX-A320-03
C0080,D20261019-BHX-A320-01
C0080,D20261020-BHX-A320-01
C0080,D20261024-BHX-A320-03
C0080,D20261025-BHX-A320-03
C0080,D20261026-BHX-A320-02
C0080,D20261027-BHX-A320-02
C0081,D20261001-BHX-A320-03
C0081,D20261004-BHX-A320-02
C0081,D20261006-BHX-A320-03
C0081,D20261009-BHX-A320-01
C0081,D20261010-BHX-A320-03
C0081,D20261012-BHX-A320-04
C0081,D20261014-BHX-A320-02
C0081,D20261023-BHX-A320-04
C0081,D20261024-BHX-A320-02
C0081,D20261028-BHX-A320-02
C0081,D20261029-BHX-A320-03
C0081,D20261031-BHX-A320-04
C0082,D20261007-BHX-A320-01
C0082,D20261008-BHX-A320-03
C0083,D20261003-BHX-A320-01
C0083,D20261007-BHX-A320-03
C0083,D20261009-BHX-A320-02
C0083,D20261011-BHX-A320-01
C0083,D20261014-BHX-A320-04
C0083,D20261015-BHX-A320-01
C0083,D20261016-BHX-A320-02
C0083,D20261018-BHX-A320-01
C0083,D20261022-BHX-A320-01
C0083,D20261023-BHX-A320-03
C0083,D20261027-BHX-A320-01
C0083,D20261029-BHX-A320-01
C0083,D20261030-BHX-A320-03
C0084,D20261002-BHX-A320-05
C0084,D20261003-BHX-A320-04
C0084,D20261004-BHX-A320-01
C0084,D20261005-BHX-A320-04
C0084,D20261010-BHX-A320-04
C0084,D20261011-BHX-A320-03
C0084,D20261012-BHX-A320-03
C0084,D20261016-BHX-A320-04
C0084,D20261017-BHX-A320-01
C0084,D20261021-BHX-A320-04
C0084,D20261025-BHX-A320-02
C0084,D20261029-BHX-A320-02
C0085,D20261003-BHX-E190-02
C0085,D20261005-BHX-E190-01
C0085,D20261008-BHX-E190-01
C0085,D20261013-BHX-E190-01
C0085,D20261017-BHX-E190-01
C0085,D20261018-BHX-E190-03
C0085,D20261019-BHX-E190-03
C0085,D20261023-BHX-E190-01
C0085,D20261025-BHX-E190-01
C0085,D20261027-BHX-E190-01
C0086,D20261015-BHX-E190-01
C0086,D20261016-BHX-E190-03
C0086,D20261019-BHX-E190-02
C0086,D20261020-BHX-E190-02
C0086,D20261026-BHX-E190-01
C0086,D20261029-BHX-E190-01
C0087,D20261002-BHX-E190-03
C0087,D20261004-BHX-E190-03
C0087,D20261009-BHX-E190-04
C0087,D20261011-BHX-E190-03
C0087,D20261014-BHX-E190-02
C0087,D20261022-BHX-E190-03
C0087,D20261025-BHX-E190-02
C0087,D20261028-BHX-E190-03
C0087,D20261030-BHX-E190-02
C0088,D20261001-BHX-E190-02
C0088,D20261002-BHX-E190-02
C0088,D20261004-BHX-E190-02
C0088,D20261005-BHX-E190-03
C0088,D20261010-BHX-E190-02
C0088,D20261011-BHX-E190-02
C0088,D20261015-BHX-E190-02
C0088,D20261018-BHX-E190-02
C0088,D20261022-BHX-E190-01
C0088,D20261023-BHX-E190-03
C0089,D20261003-BHX-E190-03
C0089,D20261007-BHX-E190-03
C0089,D20261009-BHX-E190-01
C0089,D20261013-BHX-E190-02
C0089,D20261016-BHX-E190-01
C0089,D20261017-BHX-E190-02
C0089,D20261023-BHX-E190-04
C0089,D20261025-BHX-E190-04
C0089,D20261029-BHX-E190-03
C0089,D20261030-BHX-E190-03
C0090,D20261002-BHX-E190-01
C0090,D20261006-BHX-E190-02
C0090,D20261009-BHX-E190-02
C0090,D20261010-BHX-E190-03
C0090,D20261012-BHX-E190-01
C0090,D20261014-BHX-E190-01
C0090,D20261016-BHX-E190-02
C0090,D20261019-BHX-E190-01
C0090,D20261024-BHX-E190-03
C0090,D20261028-BHX-E190-01
C0090,D20261031-BHX-E190-02
C0091,D20261003-BHX-E190-01
C0091,D20261007-BHX-E190-02
C0091,D20261010-BHX-E190-01
C0091,D20261011-BHX-E190-04
C0091,D20261012-BHX-E190-03
C0091,D20261018-BHX-E190-04
C0091,D20261023-BHX-E190-02
C0091,D20261024-BHX-E190-02
C0091,D20261027-BHX-E190-02
C0091,D20261030-BHX-E190-01
C0092,D20261001-BHX-E190-03
C0092,D20261006-BHX-E190-01
C0092,D20261008-BHX-E190-02
C0092,D20261011-BHX-E190-01
C0092,D20261017-BHX-E190-03
C0092,D20261021-BHX-E190-03
C0092,D20261024-BHX-E190-01
C0092,D20261026-BHX-E190-02
C0092,D20261028-BHX-E190-02
C0092,D20261030-BHX-E190-04
C0092,D20261031-BHX-E190-01
C0093,D20261002-BHX-E190-04
C0093,D20261004-BHX-E190-01
C0093,D20261005-BHX-E190-02
C0093,D20261008-BHX-E190-03
C0093,D20261009-BHX-E190-03
C0093,D20261014-BHX-E190-03
C0093,D20261015-BHX-E190-03
C0093,D20261020-BHX-E190-01
C0093,D20261021-BHX-E190-01
C0093,D20261031-BHX-E190-03
C0094,D20261004-BHX-E190-04
C0094,D20261007-BHX-E190-01
C0094,D20261012-BHX-E190-02
C0094,D20261016-BHX-E190-04
C0094,D20261018-BHX-E190-01
C0094,D20261021-BHX-E190-02
C0094,D20261022-BHX-E190-02
C0094,D20261025-BHX-E190-03
C0094,D20261026-BHX-E190-03
C0094,D20261029-BHX-E190-02
C0095,D20261003-BHX-E190-03
C0095,D20261007-BHX-E190-02
C0095,D20261008-BHX-E190-03
C0095,D20261011-BHX-E190-03
C0095,D20261018-BHX-E190-04
C0095,D20261022-BHX-E190-01
C0095,D20261023-BHX-E190-04
C0095,D20261027-BHX-E190-01
C0095,D20261028-BHX-E190-03
C0095,D20261031-BHX-E190-01
C0096,D20261003-BHX-E190-01
C0096,D20261004-BHX-E190-02
C0096,D20261006-BHX-E190-01
C0096,D20261007-BHX-E190-03
C0096,D20261015-BHX-E190-02
C0096,D20261023-BHX-E190-02
C0096,D20261024-BHX-E190-03
C0096,D20261025-BHX-E190-03
C0096,D20261029-BHX-E190-01
C0096,D20261030-BHX-E190-02
C0097,D20261004-BHX-E190-03
C0097,D20261008-BHX-E190-02
C0097,D20261015-BHX-E190-03
C0097,D20261016-BHX-E190-03
C0097,D20261018-BHX-E190-03
C0097,D20261020-BHX-E190-02
C0097,D20261022-BHX-E190-02
C0097,D20261024-BHX-E190-01
C0097,D20261025-BHX-E190-01
C0097,D20261030-BHX-E190-04
C0098,D20261004-BHX-E190-04
C0098,D20261009-BHX-E190-01
C0098,D20261010-BHX-E190-01
C0098,D20261011-BHX-E190-04
C0098,D20261012-BHX-E190-02
C0098,D20261018-BHX-E190-02
C0098,D20261020-BHX-E190-01
C0098,D20261026-BHX-E190-03
C0098,D20261028-BHX-E190-01
C0098,D20261031-BHX-E190-03
C0099,D20261002-BHX-E190-04
C0099,D20261011-BHX-E190-02
C0099,D20261016-BHX-E190-01
C0099,D20261017-BHX-E190-01
C0099,D20261018-BHX-E190-01
C0099,D20261021-BHX-E190-01
C0099,D20261023-BHX-E190-01
C0099,D20261026-BHX-E190-02
C0099,D20261029-BHX-E190-03
C0099,D20261030-BHX-E190-03
C0100,D20261002-BHX-E190-01
C0100,D20261003-BHX-E190-02
C0100,D20261005-BHX-E190-01
C0100,D20261007-BHX-E190-01
C0100,D20261009-BHX-E190-04
C0100,D20261012-BHX-E190-03
C0100,D20261014-BHX-E190-01
C0100,D20261016-BHX-E190-02
C0100,D20261019-BHX-E190-01
C0100,D20261021-BHX-E190-03
C0100,D20261024-BHX-E190-02
C0101,D20261001-BHX-E190-02
C0101,D20261002-BHX-E190-03
C0101,D20261005-BHX-E190-02
C0101,D20261009-BHX-E190-03
C0101,D20261012-BHX-E190-01
C0101,D20261013-BHX-E190-02
C0101,D20261014-BHX-E190-02
C0101,D20261017-BHX-E190-02
C0101,D20261022-BHX-E190-03
C0101,D20261025-BHX-E190-04
C0102,D20261009-BHX-E190-02
C0102,D20261010-BHX-E190-03
C0102,D20261015-BHX-E190-01
C0102,D20261023-BHX-E190-03
C0102,D20261025-BHX-E190-02
C0102,D20261027-BHX-E190-02
C0102,D20261029-BHX-E190-02
C0102,D20261030-BHX-E190-01
C0103,D20261001-BHX-E190-03
C0103,D20261004-BHX-E190-01
C0103,D20261006-BHX-E190-02
C0103,D20261008-BHX-E190-01
C0103,D20261011-BHX-E190-01
C0103,D20261016-BHX-E190-04
C0103,D20261019-BHX-E190-03
C0103,D20261021-BHX-E190-02
C0104,D20261002-BHX-E190-02
C0104,D20261005-BHX-E190-03
C0104,D20261010-BHX-E190-02
C0104,D20261013-BHX-E190-01
C0104,D20261014-BHX-E190-03
C0104,D20261017-BHX-E190-03
C0104,D20261019-BHX-E190-02
C0104,D20261026-BHX-E190-01
C0104,D20261028-BHX-E190-02
C0104,D20261031-BHX-E190-02
C0105,D20261001-EDI-A320-02
C0105,D20261004-EDI-A320-04
C0105,D20261007-EDI-A320-01
C0105,D20261011-EDI-A320-03
C0105,D20261014-EDI-A320-02
C0105,D20261015-EDI-A320-03
C0105,D20261016-EDI-A320-03
C0105,D20261020-EDI-A320-01
C0105,D20261022-EDI-A320-03
C0105,D20261023-EDI-A320-03
C0105,D20261025-EDI-A320-03
C0105,D20261027-EDI-A320-02
C0105,D20261030-EDI-A320-04
C0105,D20261031-EDI-A320-02
C0106,D20261002-EDI-A320-01
C0106,D20261004-EDI-A320-02
C0106,D20261005-EDI-A320-03
C0106,D20261007-EDI-A320-02
C0106,D20261009-EDI-A320-03
C0106,D20261011-EDI-A320-01
C0106,D20261024-EDI-A320-01
C0106,D20261025-EDI-A320-04
C0106,D20261026-EDI-A320-01
C0106,D20261028-EDI-A320-02
C0106,D20261031-EDI-A320-01
C0107,D20261002-EDI-A320-04
C0107,D20261003-EDI-A320-02
C0107,D20261018-EDI-A320-02
C0107,D20261019-EDI-A320-02
C0107,D20261021-EDI-A320-03
C0107,D20261023-EDI-A320-01
C0107,D20261025-EDI-A320-01
C0107,D20261026-EDI-A320-02
C0107,D20261029-EDI-A320-02
C0107,D20261030-EDI-A320-02
C0108,D20261001-EDI-A320-01
C0108,D20261003-EDI-A320-03
C0108,D20261006-EDI-A320-02
C0108,D20261014-EDI-A320-03
C0108,D20261015-EDI-A320-02
C0108,D20261017-EDI-A320-03
C0108,D20261019-EDI-A320-03
C0108,D20261021-EDI-A320-01
C0108,D20261024-EDI-A320-03
C0108,D20261028-EDI-A320-03
C0108,D20261030-EDI-A320-03
C0109,D20261003-EDI-A320-01
C0109,D20261005-EDI-A320-02
C0109,D20261007-EDI-A320-03
C0109,D20261008-EDI-A320-03
C0109,D20261010-EDI-A320-03
C0109,D20261012-EDI-A320-03
C0109,D20261014-EDI-A320-01
C0109,D20261016-EDI-A320-01
C0109,D20261017-EDI-A320-02
C0109,D20261020-EDI-A320-02
C0109,D20261021-EDI-A320-02
C0109,D20261023-EDI-A320-02
C0109,D20261028-EDI-A320-01
C0110,D20261002-EDI-A320-02
C0110,D20261006-EDI-A320-01
C0110,D20261009-EDI-A320-02
C0110,D20261016-EDI-A320-04
C0110,D20261018-EDI-A320-04
C0110,D20261025-EDI-A320-02
C0110,D20261026-EDI-A320-03
C0111,D20261004-EDI-A320-01
C0111,D20261005-EDI-A320-01
C0111,D20261009-EDI-A320-01
C0111,D20261010-EDI-A320-02
C0111,D20261011-EDI-A320-02
C0111,D20261012-EDI-A320-02
C0111,D20261018-EDI-A320-03
C0111,D20261022-EDI-A320-02
C0111,D20261024-EDI-A320-02
C0111,D20261027-EDI-A320-01
C0111,D20261029-EDI-A320-03
C0111,D20261031-EDI-A320-03
C0112,D20261008-EDI-A320-02
C0112,D20261010-EDI-A320-01
C0112,D20261011-EDI-A320-04
C0112,D20261013-EDI-A320-01
C0112,D20261015-EDI-A320-01
C0112,D20261017-EDI-A320-01
C0112,D20261019-EDI-A320-01
C0112,D20261022-EDI-A320-01
C0112,D20261023-EDI-A320-04
C0112,D20261029-EDI-A320-01
C0112,D20261030-EDI-A320-01
C0113,D20261001-EDI-A320-03
C0113,D20261002-EDI-A320-03
C0113,D20261004-EDI-A320-03
C0113,D20261008-EDI-A320-01
C0113,D20261009-EDI-A320-04
C0113,D20261012-EDI-A320-01
C0113,D20261013-EDI-A320-02
C0113,D20261016-EDI-A320-02
C0113,D20261018-EDI-A320-01
C0114,D20261001-EDI-A320-03
C0114,D20261007-EDI-A320-03
C0114,D20261009-EDI-A320-01
C0114,D20261010-EDI-A320-03
C0114,D20261016-EDI-A320-04
C0114,D20261018-EDI-A320-01
C0114,D20261023-EDI-A320-03
C0114,D20261026-EDI-A320-03
C0115,D20261002-EDI-A320-02
C0115,D20261006-EDI-A320-01
C0115,D20261007-EDI-A320-02
C0115,D20261009-EDI-A320-03
C0115,D20261013-EDI-A320-02
C0115,D20261014-EDI-A320-01
C0115,D20261015-EDI-A320-01
C0115,D20261023-EDI-A320-01
C0115,D20261024-EDI-A320-03
C0115,D20261026-EDI-A320-02
C0115,D20261029-EDI-A320-01
C0115,D20261030-EDI-A320-04
C0115,D20261031-EDI-A320-02
C0116,D20261002-EDI-A320-01
C0116,D20261003-EDI-A320-02
C0116,D20261008-EDI-A320-01
C0116,D20261009-EDI-A320-04
C0116,D20261011-EDI-A320-03
C0116,D20261012-EDI-A320-02
C0116,D20261016-EDI-A320-01
C0116,D20261017-EDI-A320-03
C0116,D20261019-EDI-A320-02
C0116,D20261020-EDI-A320-02
C0116,D20261025-EDI-A320-04
C0116,D20261029-EDI-A320-02
C0116,D20261030-EDI-A320-03
C0117,D20261002-EDI-A320-04
C0117,D20261003-EDI-A320-03
C0117,D20261004-EDI-A320-03
C0117,D20261010-EDI-A320-01
C0117,D20261012-EDI-A320-01
C0117,D20261016-EDI-A320-02
C0117,D20261018-EDI-A320-02
C0117,D20261022-EDI-A320-01
C0117,D20261023-EDI-A320-04
C0117,D20261024-EDI-A320-01
C0117,D20261025-EDI-A320-03
C0117,D20261030-EDI-A320-01
C0118,D20261004-EDI-A320-01
C0118,D20261005-EDI-A320-01
C0118,D20261009-EDI-A320-02
C0118,D20261010-EDI-A320-02
C0118,D20261014-EDI-A320-03
C0118,D20261015-EDI-A320-02
C0118,D20261016-EDI-A320-03
C0118,D20261018-EDI-A320-04
C0118,D20261021-EDI-A320-03
C0118,D20261023-EDI-A320-02
C0118,D20261025-EDI-A320-01
C0118,D20261027-EDI-A320-01
C0118,D20261028-EDI-A320-02
C0118,D20261031-EDI-A320-01
C0119,D20261002-EDI-A320-03
C0119,D20261008-EDI-A320-03
C0119,D20261011-EDI-A320-04
C0119,D20261014-EDI-A320-02
C0119,D20261015-EDI-A320-03
C0119,D20261017-EDI-A320-02
C0119,D20261018-EDI-A320-03
C0119,D20261025-EDI-A320-02
C0119,D20261027-EDI-A320-02
C0119,D20261028-EDI-A320-01
C0120,D20261001-EDI-A320-01
C0120,D20261003-EDI-A320-01
C0120,D20261005-EDI-A320-02
C0120,D20261006-EDI-A320-02
C0120,D20261012-EDI-A320-03
C0120,D20261019-EDI-A320-03
C0120,D20261021-EDI-A320-02
C0120,D20261022-EDI-A320-02
C0120,D20261024-EDI-A320-02
C0120,D20261028-EDI-A320-03
C0120,D20261029-EDI-A320-03
C0121,D20261004-EDI-A320-04
C0121,D20261005-EDI-A320-03
C0121,D20261007-EDI-A320-01
C0121,D20261011-EDI-A320-01
C0121,D20261013-EDI-A320-01
C0121,D20261020-EDI-A320-01
C0121,D20261026-EDI-A320-01
C0122,D20261001-EDI-A320-02
C0122,D20261004-EDI-A320-02
C0122,D20261008-EDI-A320-02
C0122,D20261011-EDI-A320-02
C0122,D20261017-EDI-A320-01
C0122,D20261019-EDI-A320-01
C0122,D20261021-EDI-A320-01
C0122,D20261022-EDI-A320-03
C0122,D20261030-EDI-A320-02
C0122,D20261031-EDI-A320-03
C0123,D20261003-EDI-B737-03
C0123,D20261005-EDI-B737-01
C0123,D20261007-EDI-B737-01
C0123,D20261009-EDI-B737-02
C0123,D20261010-EDI-B737-02
C0123,D20261013-EDI-B737-02
C0123,D20261014-EDI-B737-02
C0123,D20261016-EDI-B737-04
C0123,D20261019-EDI-B737-03
C0123,D20261021-EDI-B737-02
C0123,D20261022-EDI-B737-02
C0123,D20261023-EDI-B737-03
C0125,D20261001-EDI-B737-01
C0125,D20261002-EDI-B737-01
C0125,D20261003-EDI-B737-02
C0125,D20261005-EDI-B737-03
C0125,D20261008-EDI-B737-01
C0125,D20261009-EDI-B737-04
C0125,D20261011-EDI-B737-01
C0125,D20261014-EDI-B737-03
C0125,D20261015-EDI-B737-02
C0125,D20261016-EDI-B737-01
C0125,D20261027-EDI-B737-02
C0125,D20261028-EDI-B737-03
C0125,D20261030-EDI-B737-04
C0125,D20261031-EDI-B737-03
C0126,D20261002-EDI-B737-02
C0126,D20261004-EDI-B737-03
C0126,D20261011-EDI-B737-02
C0126,D20261026-EDI-B737-01
C0126,D20261027-EDI-B737-01
C0126,D20261028-EDI-B737-01
C0126,D20261029-EDI-B737-03
C0127,D20261001-EDI-B737-02
C0127,D20261003-EDI-B737-01
C0127,D20261005-EDI-B737-02
C0127,D20261007-EDI-B737-03
C0127,D20261009-EDI-B737-03
C0127,D20261010-EDI-B737-03
C0127,D20261012-EDI-B737-01
C0127,D20261017-EDI-B737-02
C0127,D20261018-EDI-B737-01
C0127,D20261019-EDI-B737-01
C0127,D20261023-EDI-B737-04
C0127,D20261024-EDI-B737-01
C0127,D20261025-EDI-B737-01
C0127,D20261026-EDI-B737-03
C0127,D20261030-EDI-B737-01
C0128,D20261001-EDI-B737-03
C0128,D20261002-EDI-B737-03
C0128,D20261004-EDI-B737-01
C0128,D20261006-EDI-B737-01
C0128,D20261008-EDI-B737-02
C0128,D20261010-EDI-B737-01
C0128,D20261011-EDI-B737-04
C0128,D20261013-EDI-B737-01
C0128,D20261016-EDI-B737-03
C0128,D20261017-EDI-B737-03
C0128,D20261018-EDI-B737-03
C0128,D20261020-EDI-B737-01
C0128,D20261023-EDI-B737-01
C0128,D20261024-EDI-B737-03
C0128,D20261025-EDI-B737-03
C0128,D20261029-EDI-B737-02
C0128,D20261030-EDI-B737-03
C0128,D20261031-EDI-B737-02
C0129,D20261002-EDI-B737-04
C0129,D20261004-EDI-B737-02
C0129,D20261006-EDI-B737-02
C0129,D20261008-EDI-B737-03
C0129,D20261011-EDI-B737-03
C0129,D20261012-EDI-B737-03
C0129,D20261015-EDI-B737-03
C0129,D20261016-EDI-B737-02
C0129,D20261022-EDI-B737-01
C0129,D20261023-EDI-B737-02
C0129,D20261024-EDI-B737-02
C0129,D20261025-EDI-B737-02
C0129,D20261029-EDI-B737-01
C0129,D20261030-EDI-B737-02
C0130,D20261004-EDI-B737-04
C0130,D20261007-EDI-B737-02
C0130,D20261009-EDI-B737-01
C0130,D20261012-EDI-B737-02
C0130,D20261014-EDI-B737-01
C0130,D20261015-EDI-B737-01
C0130,D20261018-EDI-B737-04
C0130,D20261019-EDI-B737-02
C0130,D20261021-EDI-B737-01
C0130,D20261022-EDI-B737-03
C0130,D20261025-EDI-B737-04
C0130,D20261026-EDI-B737-02
C0130,D20261028-EDI-B737-02
C0130,D20261031-EDI-B737-01
C0131,D20261001-EDI-B737-03
C0131,D20261003-EDI-B737-01
C0131,D20261005-EDI-B737-02
C0131,D20261007-EDI-B737-03
C0131,D20261010-EDI-B737-02
C0131,D20261014-EDI-B737-01
C0131,D20261016-EDI-B737-01
C0131,D20261017-EDI-B737-02
C0131,D20261022-EDI-B737-03
C0131,D20261025-EDI-B737-04
C0131,D20261026-EDI-B737-02
C0131,D20261030-EDI-B737-03
C0131,D20261031-EDI-B737-02
C0132,D20261001-EDI-B737-01
C0132,D20261004-EDI-B737-01
C0132,D20261007-EDI-B737-02
C0132,D20261008-EDI-B737-02
C0132,D20261009-EDI-B737-03
C0132,D20261011-EDI-B737-01
C0132,D20261015-EDI-B737-03
C0132,D20261017-EDI-B737-01
C0132,D20261018-EDI-B737-04
C0132,D20261020-EDI-B737-02
C0132,D20261022-EDI-B737-02
C0132,D20261028-EDI-B737-01
C0132,D20261031-EDI-B737-01
C0133,D20261003-EDI-B737-03
C0133,D20261006-EDI-B737-02
C0133,D20261011-EDI-B737-04
C0133,D20261012-EDI-B737-02
C0133,D20261015-EDI-B737-01
C0133,D20261016-EDI-B737-04
C0133,D20261019-EDI-B737-03
C0133,D20261021-EDI-B737-03
C0133,D20261023-EDI-B737-02
C0133,D20261024-EDI-B737-03
C0133,D20261026-EDI-B737-01
C0133,D20261030-EDI-B737-02
C0134,D20261002-EDI-B737-01
C0134,D20261003-EDI-B737-02
C0134,D20261005-EDI-B737-01
C0134,D20261008-EDI-B737-03
C0134,D20261009-EDI-B737-02
C0134,D20261010-EDI-B737-03
C0134,D20261018-EDI-B737-01
C0134,D20261019-EDI-B737-01
C0134,D20261023-EDI-B737-03
C0134,D20261027-EDI-B737-02
C0134,D20261028-EDI-B737-03
C0134,D20261029-EDI-B737-02
C0135,D20261002-EDI-B737-03
C0135,D20261004-EDI-B737-03
C0135,D20261007-EDI-B737-01
C0135,D20261009-EDI-B737-04
C0135,D20261010-EDI-B737-01
C0135,D20261012-EDI-B737-01
C0135,D20261015-EDI-B737-02
C0135,D20261017-EDI-B737-03
C0135,D20261021-EDI-B737-02
C0135,D20261023-EDI-B737-04
C0135,D20261024-EDI-B737-01
C0135,D20261030-EDI-B737-04
C0136,D20261011-EDI-B737-02
C0136,D20261012-EDI-B737-03
C0136,D20261014-EDI-B737-03
C0136,D20261016-EDI-B737-02
C0136,D20261018-EDI-B737-03
C0136,D20261021-EDI-B737-01
C0136,D20261022-EDI-B737-01
C0136,D20261023-EDI-B737-01
C0136,D20261025-EDI-B737-02
C0136,D20261029-EDI-B737-01
C0136,D20261030-EDI-B737-01
C0137,D20261001-EDI-B737-02
C0137,D20261002-EDI-B737-02
C0137,D20261004-EDI-B737-02
C0137,D20261005-EDI-B737-03
C0137,D20261008-EDI-B737-01
C0137,D20261013-EDI-B737-01
C0137,D20261014-EDI-B737-02
C0137,D20261018-EDI-B737-02
C0137,D20261020-EDI-B737-01
C0137,D20261025-EDI-B737-01
C0137,D20261026-EDI-B737-03
C0137,D20261028-EDI-B737-02
C0138,D20261002-EDI-B737-04
C0138,D20261004-EDI-B737-04
C0138,D20261006-EDI-B737-01
C0138,D20261009-EDI-B737-01
C0138,D20261011-EDI-B737-03
C0138,D20261013-EDI-B737-02
C0138,D20261016-EDI-B737-03
C0138,D20261019-EDI-B737-02
C0138,D20261024-EDI-B737-02
C0138,D20261025-EDI-B737-03
C0138,D20261027-EDI-B737-01
C0138,D20261029-EDI-B737-03
C0138,D20261031-EDI-B737-03
C0001,D20261009-MAN-A320-05
C0001,D20261011-MAN-A320-03
C0001,D20261015-MAN-A320-04
C0001,D20261016-MAN-A320-03
C0001,D20261018-MAN-A320-01
C0001,D20261022-MAN-A320-05
C0001,D20261025-MAN-A320-04
C0001,D20261026-MAN-A320-05
C0001,D20261028-MAN-A320-06
C0001,D20261030-MAN-A320-03
C0002,D20261002-MAN-A320-02
C0002,D20261004-MAN-A320-03
C0002,D20261007-MAN-A320-06
C0002,D20261010-MAN-A320-03
C0002,D20261011-MAN-A320-06
C0002,D20261014-MAN-A320-01
C0002,D20261015-MAN-A320-06
C0002,D20261018-MAN-A320-04
C0002,D20261020-MAN-A320-02
C0002,D20261023-MAN-A320-04
C0002,D20261024-MAN-A320-02
C0002,D20261025-MAN-A320-03
C0002,D20261027-MAN-A320-05
C0002,D20261030-MAN-A320-07
C0002,D20261031-MAN-A320-04
C0003,D20261001-MAN-A320-04
C0003,D20261003-MAN-A320-01
C0003,D20261004-MAN-A320-04
C0003,D20261007-MAN-A320-04
C0003,D20261008-MAN-A320-03
C0003,D20261011-MAN-A320-01
C0003,D20261012-MAN-A320-06
C0003,D20261016-MAN-A320-06
C0003,D20261017-MAN-A320-06
C0003,D20261020-MAN-A320-01
C0003,D20261021-MAN-A320-05
C0003,D20261023-MAN-A320-03
C0003,D20261026-MAN-A320-01
C0003,D20261028-MAN-A320-01
C0003,D20261029-MAN-A320-03
C0004,D20261001-MAN-A320-03
C0004,D20261004-MAN-A320-05
C0004,D20261005-MAN-A320-05
C0004,D20261007-MAN-A320-01
C0004,D20261008-MAN-A320-06
C0004,D20261012-MAN-A320-02
C0004,D20261013-MAN-A320-02
C0004,D20261014-MAN-A320-02
C0004,D20261018-MAN-A320-06
C0004,D20261019-MAN-A320-06
C0004,D20261021-MAN-A320-02
C0004,D20261022-MAN-A320-02
C0004,D20261031-MAN-A320-02
C0005,D20261003-MAN-A320-06
C0005,D20261007-MAN-A320-02
C0005,D20261009-MAN-A320-01
C0005,D20261010-MAN-A320-02
C0005,D20261011-MAN-A320-07
C0005,D20261014-MAN-A320-03
C0005,D20261016-MAN-A320-01
C0005,D20261018-MAN-A320-02
C0005,D20261019-MAN-A320-05
C0005,D20261021-MAN-A320-01
C0005,D20261023-MAN-A320-06
C0005,D20261025-MAN-A320-02
C0005,D20261027-MAN-A320-04
C0005,D20261030-MAN-A320-05
C0007,D20261003-MAN-A320-04
C0007,D20261005-MAN-A320-04
C0007,D20261006-MAN-A320-02
C0007,D20261009-MAN-A320-07
C0007,D20261010-MAN-A320-06
C0007,D20261012-MAN-A320-04
C0007,D20261015-MAN-A320-02
C0007,D20261016-MAN-A320-05
C0007,D20261018-MAN-A320-07
C0007,D20261023-MAN-A320-05
C0007,D20261024-MAN-A320-06
C0007,D20261028-MAN-A320-02
C0007,D20261029-MAN-A320-06
C0008,D20261001-MAN-A320-05
C0008,D20261002-MAN-A320-04
C0008,D20261004-MAN-A320-02
C0008,D20261005-MAN-A320-01
C0008,D20261008-MAN-A320-02
C0008,D20261009-MAN-A320-02
C0008,D20261012-MAN-A320-05
C0008,D20261015-MAN-A320-01
C0008,D20261016-MAN-A320-04
C0008,D20261017-MAN-A320-02
C0008,D20261020-MAN-A320-04
C0010,D20261002-MAN-A320-05
C0010,D20261004-MAN-A320-01
C0010,D20261006-MAN-A320-05
C0010,D20261007-MAN-A320-05
C0010,D20261012-MAN-A320-03
C0010,D20261016-MAN-A320-07
C0010,D20261019-MAN-A320-04
C0010,D20261020-MAN-A320-03
C0010,D20261021-MAN-A320-06
C0010,D20261024-MAN-A320-03
C0010,D20261026-MAN-A320-04
C0010,D20261027-MAN-A320-02
C0010,D20261029-MAN-A320-02
C0010,D20261031-MAN-A320-06
C0011,D20261002-MAN-A320-01
C0011,D20261005-MAN-A320-02
C0011,D20261008-MAN-A320-05
C0011,D20261009-MAN-A320-03
C0011,D20261013-MAN-A320-05
C0011,D20261014-MAN-A320-06
C0011,D20261015-MAN-A320-05
C0011,D20261017-MAN-A320-01
C0011,D20261022-MAN-A320-04
C0011,D20261023-MAN-A320-01
C0011,D20261025-MAN-A320-06
C0011,D20261026-MAN-A320-02
C0011,D20261030-MAN-A320-01
C0011,D20261031-MAN-A320-05
C0012,D20261001-MAN-A320-01
C0012,D20261002-MAN-A320-03
C0012,D20261003-MAN-A320-03
C0012,D20261005-MAN-A320-03
C0012,D20261009-MAN-A320-06
C0012,D20261011-MAN-A320-04
C0012,D20261013-MAN-A320-03
C0012,D20261016-MAN-A320-02
C0012,D20261020-MAN-A320-05
C0012,D20261023-MAN-A320-07
C0012,D20261025-MAN-A320-07
C0012,D20261026-MAN-A320-03
C0012,D20261028-MAN-A320-05
C0013,D20261002-MAN-A320-06
C0013,D20261003-MAN-A320-05
C0013,D20261006-MAN-A320-01
C0013,D20261008-MAN-A320-04
C0013,D20261010-MAN-A320-01
C0013,D20261011-MAN-A320-02
C0013,D20261013-MAN-A320-04
C0013,D20261019-MAN-A320-01
C0013,D20261021-MAN-A320-03
C0013,D20261024-MAN-A320-05
C0013,D20261026-MAN-A320-06
C0013,D20261029-MAN-A320-04
C0013,D20261031-MAN-A320-03
C0014,D20261002-MAN-A320-07
C0014,D20261003-MAN-A320-02
C0014,D20261006-MAN-A320-03
C0014,D20261008-MAN-A320-01
C0014,D20261010-MAN-A320-05
C0014,D20261012-MAN-A320-01
C0014,D20261017-MAN-A320-04
C0014,D20261019-MAN-A320-02
C0014,D20261022-MAN-A320-01
C0014,D20261024-MAN-A320-01
C0014,D20261025-MAN-A320-05
C0014,D20261027-MAN-A320-03
C0014,D20261029-MAN-A320-05
C0015,D20261001-MAN-A320-02
C0015,D20261004-MAN-A320-07
C0015,D20261006-MAN-A320-04
C0015,D20261007-MAN-A320-03
C0015,D20261010-MAN-A320-04
C0015,D20261014-MAN-A320-04
C0015,D20261017-MAN-A320-05
C0015,D20261018-MAN-A320-05
C0015,D20261022-MAN-A320-06
C0015,D20261023-MAN-A320-02
C0015,D20261025-MAN-A320-01
C0015,D20261028-MAN-A320-04
C0015,D20261029-MAN-A320-01
C0015,D20261030-MAN-A320-06
C0016,D20261005-MAN-A320-06
C0016,D20261009-MAN-A320-04
C0016,D20261014-MAN-A320-05
C0016,D20261017-MAN-A320-03
C0016,D20261019-MAN-A320-03
C0016,D20261021-MAN-A320-04
C0016,D20261022-MAN-A320-03
C0016,D20261024-MAN-A320-04
C0016,D20261027-MAN-A320-01
C0016,D20261028-MAN-A320-03
C0016,D20261030-MAN-A320-02
C0018,D20261001-MAN-A320-06
C0018,D20261004-MAN-A320-06
C0018,D20261011-MAN-A320-05
C0018,D20261013-MAN-A320-01
C0018,D20261015-MAN-A320-03
C0018,D20261030-MAN-A320-04
C0018,D20261031-MAN-A320-01
C0019,D20261001-MAN-A320-04
C0019,D20261003-MAN-A320-05
C0019,D20261004-MAN-A320-05
C0019,D20261008-MAN-A320-02
C0019,D20261011-MAN-A320-03
C0019,D20261014-MAN-A320-01
C0019,D20261015-MAN-A320-04
C0019,D20261018-MAN-A320-07
C0019,D20261019-MAN-A320-01
C0019,D20261021-MAN-A320-02
C0019,D20261030-MAN-A320-05
C0020,D20261002-MAN-A320-05
C0020,D20261006-MAN-A320-05
C0020,D20261007-MAN-A320-03
C0020,D20261012-MAN-A320-03
C0020,D20261015-MAN-A320-05
C0020,D20261016-MAN-A320-03
C0020,D20261020-MAN-A320-01
C0020,D20261022-MAN-A320-06
C0020,D20261024-MAN-A320-04
C0020,D20261025-MAN-A320-06
C0020,D20261029-MAN-A320-04
C0020,D20261030-MAN-A320-01
C0021,D20261002-MAN-A320-04
C0021,D20261005-MAN-A320-04
C0021,D20261007-MAN-A320-01
C0021,D20261009-MAN-A320-01
C0021,D20261011-MAN-A320-02
C0021,D20261015-MAN-A320-03
C0021,D20261019-MAN-A320-05
C0021,D20261021-MAN-A320-01
C0021,D20261024-MAN-A320-03
C0021,D20261026-MAN-A320-05
C0021,D20261029-MAN-A320-06
C0021,D20261030-MAN-A320-06
C0022,D20261012-MAN-A320-01
C0022,D20261014-MAN-A320-02
C0022,D20261016-MAN-A320-05
C0022,D20261017-MAN-A320-06
C0022,D20261023-MAN-A320-01
C0022,D20261024-MAN-A320-05
C0022,D20261025-MAN-A320-05
C0022,D20261026-MAN-A320-02
C0022,D20261031-MAN-A320-03
C0023,D20261002-MAN-A320-07
C0023,D20261004-MAN-A320-02
C0023,D20261006-MAN-A320-01
C0023,D20261013-MAN-A320-02
C0023,D20261015-MAN-A320-06
C0023,D20261016-MAN-A320-06
C0023,D20261018-MAN-A320-02
C0023,D20261022-MAN-A320-03
C0023,D20261023-MAN-A320-03
C0024,D20261003-MAN-A320-03
C0024,D20261005-MAN-A320-02
C0024,D20261008-MAN-A320-03
C0024,D20261009-MAN-A320-06
C0024,D20261012-MAN-A320-05
C0024,D20261016-MAN-A320-07
C0024,D20261017-MAN-A320-04
C0024,D20261018-MAN-A320-05
C0024,D20261023-MAN-A320-02
C0024,D20261026-MAN-A320-06
C0024,D20261028-MAN-A320-06
C0024,D20261029-MAN-A320-02
C0024,D20261031-MAN-A320-02
C0025,D20261002-MAN-A320-01
C0025,D20261005-MAN-A320-01
C0025,D20261010-MAN-A320-02
C0025,D20261011-MAN-A320-01
C0025,D20261013-MAN-A320-04
C0025,D20261014-MAN-A320-06
C0025,D20261017-MAN-A320-05
C0025,D20261023-MAN-A320-05
C0025,D20261025-MAN-A320-01
C0025,D20261028-MAN-A320-05
C0025,D20261030-MAN-A320-04
C0026,D20261001-MAN-A320-01
C0026,D20261003-MAN-A320-01
C0026,D20261004-MAN-A320-06
C0026,D20261006-MAN-A320-03
C0026,D20261012-MAN-A320-02
C0026,D20261016-MAN-A320-02
C0026,D20261018-MAN-A320-06
C0026,D20261021-MAN-A320-04
C0026,D20261022-MAN-A320-05
C0027,D20261005-MAN-A320-03
C0027,D20261008-MAN-A320-04
C0027,D20261010-MAN-A320-04
C0027,D20261011-MAN-A320-05
C0027,D20261014-MAN-A320-03
C0027,D20261016-MAN-A320-01
C0027,D20261018-MAN-A320-04
C0027,D20261019-MAN-A320-03
C0027,D20261024-MAN-A320-02
C0027,D20261026-MAN-A320-03
C0027,D20261027-MAN-A320-03
C0027,D20261029-MAN-A320-05
C0028,D20261004-MAN-A320-07
C0028,D20261005-MAN-A320-05
C0028,D20261007-MAN-A320-04
C0028,D20261009-MAN-A320-02
C0028,D20261013-MAN-A320-05
C0028,D20261019-MAN-A320-02
C0028,D20261022-MAN-A320-01
C0028,D20261023-MAN-A320-04
C0028,D20261025-MAN-A320-07
C0028,D20261028-MAN-A320-02
C0028,D20261031-MAN-A320-01
C0029,D20261001-MAN-A320-02
C0029,D20261002-MAN-A320-02
C0029,D20261004-MAN-A320-01
C0029,D20261007-MAN-A320-06
C0029,D20261010-MAN-A320-03
C0029,D20261011-MAN-A320-06
C0029,D20261012-MAN-A320-06
C0029,D20261021-MAN-A320-03
C0029,D20261023-MAN-A320-07
C0029,D20261024-MAN-A320-06
C0029,D20261026-MAN-A320-04
C0029,D20261028-MAN-A320-03
C0030,D20261001-MAN-A320-05
C0030,D20261008-MAN-A320-01
C0030,D20261009-MAN-A320-05
C0030,D20261011-MAN-A320-07
C0031,D20261002-MAN-A320-03
C0031,D20261004-MAN-A320-04
C0031,D20261009-MAN-A320-03
C0031,D20261010-MAN-A320-06
C0031,D20261013-MAN-A320-03
C0031,D20261020-MAN-A320-02
C0031,D20261021-MAN-A320-06
C0031,D20261024-MAN-A320-01
C0031,D20261027-MAN-A320-01
C0031,D20261030-MAN-A320-02
C0031,D20261031-MAN-A320-05
C0032,D20261006-MAN-A320-02
C0032,D20261009-MAN-A320-04
C0032,D20261015-MAN-A320-02
C0032,D20261017-MAN-A320-03
C0032,D20261020-MAN-A320-04
C0032,D20261023-MAN-A320-06
C0032,D20261025-MAN-A320-02
C0032,D20261029-MAN-A320-03
C0032,D20261031-MAN-A320-04
C0033,D20261003-MAN-A320-02
C0033,D20261005-MAN-A320-06
C0033,D20261007-MAN-A320-02
C0033,D20261008-MAN-A320-05
C0033,D20261011-MAN-A320-04
C0033,D20261014-MAN-A320-05
C0033,D20261019-MAN-A320-06
C0033,D20261020-MAN-A320-03
C0033,D20261022-MAN-A320-04
C0033,D20261025-MAN-A320-03
C0033,D20261027-MAN-A320-02
C0033,D20261030-MAN-A320-03
C0034,D20261002-MAN-A320-06
C0034,D20261009-MAN-A320-07
C0034,D20261010-MAN-A320-05
C0034,D20261015-MAN-A320-01
C0034,D20261018-MAN-A320-01
C0034,D20261019-MAN-A320-04
C0034,D20261021-MAN-A320-05
C0034,D20261025-MAN-A320-04
C0034,D20261027-MAN-A320-05
C0035,D20261001-MAN-A320-03
C0035,D20261003-MAN-A320-06
C0035,D20261006-MAN-A320-04
C0035,D20261007-MAN-A320-05
C0035,D20261013-MAN-A320-01
C0035,D20261016-MAN-A320-04
C0035,D20261017-MAN-A320-01
C0035,D20261020-MAN-A320-05
C0035,D20261026-MAN-A320-01
C0035,D20261028-MAN-A320-01
C0035,D20261030-MAN-A320-07
C0035,D20261031-MAN-A320-06
C0036,D20261001-MAN-A320-06
C0036,D20261003-MAN-A320-04
C0036,D20261004-MAN-A320-03
C0036,D20261008-MAN-A320-06
C0036,D20261010-MAN-A320-01
C0036,D20261012-MAN-A320-04
C0036,D20261014-MAN-A320-04
C0036,D20261017-MAN-A320-02
C0036,D20261022-MAN-A320-02
C0036,D20261027-MAN-A320-04
C0036,D20261028-MAN-A320-04
C0036,D20261029-MAN-A320-01
C0037,D20261002-MAN-B737-05
C0037,D20261005-MAN-B737-02
C0037,D20261011-MAN-B737-02
C0037,D20261012-MAN-B737-02
C0037,D20261013-MAN-B737-03
C0037,D20261014-MAN-B737-03
C0037,D20261019-MAN-B737-01
C0037,D20261021-MAN-B737-02
C0037,D20261022-MAN-B737-01
C0037,D20261025-MAN-B737-04
C0037,D20261026-MAN-B737-04
C0037,D20261028-MAN-B737-03
C0037,D20261030-MAN-B737-02
C0038,D20261003-MAN-B737-01
C0038,D20261008-MAN-B737-03
C0038,D20261009-MAN-B737-03
C0038,D20261014-MAN-B737-04
C0038,D20261015-MAN-B737-01
C0038,D20261019-MAN-B737-03
C0038,D20261020-MAN-B737-03
C0038,D20261023-MAN-B737-03
C0038,D20261026-MAN-B737-01
C0038,D20261027-MAN-B737-03
C0038,D20261029-MAN-B737-03
C0038,D20261031-MAN-B737-03
C0039,D20261001-MAN-B737-02
C0039,D20261003-MAN-B737-04
C0039,D20261007-MAN-B737-01
C0039,D20261008-MAN-B737-01
C0039,D20261009-MAN-B737-04
C0039,D20261015-MAN-B737-04
C0039,D20261016-MAN-B737-01
C0039,D20261020-MAN-B737-01
C0039,D20261023-MAN-B737-04
C0039,D20261024-MAN-B737-02
C0039,D20261025-MAN-B737-05
C0039,D20261028-MAN-B737-04
C0039,D20261031-MAN-B737-04
C0040,D20261006-MAN-B737-02
C0040,D20261007-MAN-B737-02
C0040,D20261009-MAN-B737-05
C0040,D20261012-MAN-B737-03
C0040,D20261016-MAN-B737-03
C0040,D20261018-MAN-B737-04
C0040,D20261020-MAN-B737-02
C0040,D20261022-MAN-B737-04
C0040,D20261023-MAN-B737-05
C0040,D20261025-MAN-B737-02
C0040,D20261029-MAN-B737-02
C0040,D20261031-MAN-B737-01
C0041,D20261003-MAN-B737-02
C0041,D20261004-MAN-B737-05
C0041,D20261006-MAN-B737-03
C0041,D20261008-MAN-B737-02
C0041,D20261012-MAN-B737-04
C0041,D20261016-MAN-B737-05
C0041,D20261019-MAN-B737-04
C0041,D20261021-MAN-B737-01
C0041,D20261028-MAN-B737-01
C0042,D20261001-MAN-B737-04
C0042,D20261002-MAN-B737-01
C0042,D20261005-MAN-B737-01
C0042,D20261011-MAN-B737-04
C0042,D20261015-MAN-B737-03
C0042,D20261017-MAN-B737-04
C0042,D20261018-MAN-B737-05
C0042,D20261021-MAN-B737-03
C0042,D20261022-MAN-B737-03
C0042,D20261024-MAN-B737-03
C0043,D20261010-MAN-B737-01
C0043,D20261015-MAN-B737-02
C0043,D20261019-MAN-B737-02
C0043,D20261023-MAN-B737-01
C0044,D20261002-MAN-B737-03
C0044,D20261003-MAN-B737-03
C0044,D20261007-MAN-B737-04
C0044,D20261008-MAN-B737-04
C0044,D20261010-MAN-B737-04
C0044,D20261011-MAN-B737-01
C0044,D20261014-MAN-B737-01
C0044,D20261016-MAN-B737-02
C0044,D20261017-MAN-B737-03
C0044,D20261018-MAN-B737-03
C0044,D20261025-MAN-B737-03
C0044,D20261029-MAN-B737-01
C0044,D20261030-MAN-B737-04
C0045,D20261001-MAN-B737-01
C0045,D20261002-MAN-B737-02
C0045,D20261004-MAN-B737-04
C0045,D20261006-MAN-B737-01
C0045,D20261009-MAN-B737-01
C0045,D20261010-MAN-B737-03
C0045,D20261012-MAN-B737-01
C0045,D20261013-MAN-B737-02
C0045,D20261017-MAN-B737-02
C0045,D20261024-MAN-B737-01
C0045,D20261026-MAN-B737-02
C0045,D20261027-MAN-B737-02
C0045,D20261030-MAN-B737-01
C0046,D20261002-MAN-B737-04
C0046,D20261004-MAN-B737-02
C0046,D20261017-MAN-B737-01
C0046,D20261018-MAN-B737-01
C0046,D20261022-MAN-B737-02
C0046,D20261025-MAN-B737-01
C0046,D20261027-MAN-B737-01
C0046,D20261031-MAN-B737-02
C0047,D20261004-MAN-B737-01
C0047,D20261005-MAN-B737-04
C0047,D20261010-MAN-B737-02
C0047,D20261011-MAN-B737-05
C0047,D20261021-MAN-B737-04
C0047,D20261023-MAN-B737-02
C0047,D20261026-MAN-B737-03
C0047,D20261028-MAN-B737-02
C0047,D20261029-MAN-B737-04
C0047,D20261030-MAN-B737-03
C0048,D20261001-MAN-B737-03
C0048,D20261004-MAN-B737-03
C0048,D20261005-MAN-B737-03
C0048,D20261007-MAN-B737-03
C0048,D20261009-MAN-B737-02
C0048,D20261011-MAN-B737-03
C0048,D20261014-MAN-B737-02
C0048,D20261016-MAN-B737-04
C0048,D20261018-MAN-B737-02
C0048,D20261024-MAN-B737-04
C0048,D20261030-MAN-B737-05
C0049,D20261002-MAN-B737-02
C0049,D20261003-MAN-B737-03
C0049,D20261005-MAN-B737-02
C0049,D20261007-MAN-B737-04
C0049,D20261009-MAN-B737-01
C0049,D20261010-MAN-B737-02
C0049,D20261014-MAN-B737-02
C0049,D20261020-MAN-B737-02
C0049,D20261024-MAN-B737-01
C0049,D20261025-MAN-B737-05
C0049,D20261026-MAN-B737-03
C0049,D20261027-MAN-B737-02
C0049,D20261031-MAN-B737-01
C0050,D20261001-MAN-B737-01
C0050,D20261024-MAN-B737-02
C0050,D20261025-MAN-B737-02
C0050,D20261027-MAN-B737-03
C0050,D20261029-MAN-B737-03
C0050,D20261031-MAN-B737-02
C0051,D20261002-MAN-B737-04
C0051,D20261016-MAN-B737-03
C0051,D20261018-MAN-B737-04
C0051,D20261019-MAN-B737-04
C0051,D20261021-MAN-B737-01
C0051,D20261023-MAN-B737-05
C0051,D20261026-MAN-B737-04
C0051,D20261027-MAN-B737-01
C0051,D20261028-MAN-B737-01
C0051,D20261030-MAN-B737-05
C0052,D20261001-MAN-B737-04
C0052,D20261002-MAN-B737-05
C0052,D20261008-MAN-B737-01
C0052,D20261010-MAN-B737-03
C0052,D20261011-MAN-B737-02
C0052,D20261012-MAN-B737-04
C0052,D20261015-MAN-B737-03
C0052,D20261017-MAN-B737-03
C0052,D20261018-MAN-B737-05
C0052,D20261020-MAN-B737-03
C0052,D20261022-MAN-B737-03
C0053,D20261004-MAN-B737-05
C0053,D20261006-MAN-B737-02
C0053,D20261008-MAN-B737-02
C0053,D20261010-MAN-B737-04
C0053,D20261011-MAN-B737-01
C0053,D20261013-MAN-B737-03
C0054,D20261002-MAN-B737-01
C0054,D20261004-MAN-B737-03
C0054,D20261006-MAN-B737-01
C0054,D20261007-MAN-B737-01
C0054,D20261009-MAN-B737-05
C0054,D20261011-MAN-B737-03
C0054,D20261014-MAN-B737-01
C0054,D20261015-MAN-B737-01
C0054,D20261016-MAN-B737-05
C0054,D20261018-MAN-B737-03
C0054,D20261023-MAN-B737-04
C0054,D20261026-MAN-B737-02
C0055,D20261001-MAN-B737-03
C0055,D20261002-MAN-B737-03
C0055,D20261003-MAN-B737-02
C0055,D20261005-MAN-B737-04
C0055,D20261021-MAN-B737-02
C0055,D20261022-MAN-B737-01
C0055,D20261023-MAN-B737-01
C0055,D20261024-MAN-B737-04
C0055,D20261028-MAN-B737-04
C0055,D20261030-MAN-B737-02
C0056,D20261008-MAN-B737-04
C0056,D20261011-MAN-B737-04
C0056,D20261012-MAN-B737-03
C0056,D20261015-MAN-B737-04
C0056,D20261016-MAN-B737-01
C0056,D20261018-MAN-B737-02
C0056,D20261019-MAN-B737-03
C0056,D20261025-MAN-B737-03
C0056,D20261028-MAN-B737-03
C0056,D20261029-MAN-B737-02
C0056,D20261030-MAN-B737-03
C0057,D20261001-MAN-B737-02
C0057,D20261003-MAN-B737-04
C0057,D20261005-MAN-B737-03
C0057,D20261006-MAN-B737-03
C0057,D20261009-MAN-B737-04
C0057,D20261010-MAN-B737-01
C0057,D20261012-MAN-B737-02
C0057,D20261013-MAN-B737-02
C0057,D20261016-MAN-B737-02
C0057,D20261017-MAN-B737-02
C0057,D20261019-MAN-B737-01
C0057,D20261029-MAN-B737-01
C0057,D20261030-MAN-B737-04
C0057,D20261031-MAN-B737-04
C0058,D20261004-MAN-B737-01
C0058,D20261005-MAN-B737-01
C0058,D20261007-MAN-B737-02
C0058,D20261009-MAN-B737-02
C0058,D20261011-MAN-B737-05
C0058,D20261014-MAN-B737-03
C0058,D20261016-MAN-B737-04
C0058,D20261018-MAN-B737-01
C0058,D20261019-MAN-B737-02
C0058,D20261022-MAN-B737-02
C0058,D20261025-MAN-B737-01
C0058,D20261026-MAN-B737-01
C0059,D20261004-MAN-B737-02
C0059,D20261007-MAN-B737-03
C0059,D20261008-MAN-B737-03
C0059,D20261009-MAN-B737-03
C0059,D20261012-MAN-B737-01
C0059,D20261014-MAN-B737-04
C0059,D20261015-MAN-B737-02
C0059,D20261017-MAN-B737-01
C0059,D20261020-MAN-B737-01
C0059,D20261021-MAN-B737-03
C0059,D20261023-MAN-B737-02
C0059,D20261025-MAN-B737-04
C0059,D20261030-MAN-B737-01
C0060,D20261003-MAN-B737-01
C0060,D20261004-MAN-B737-04
C0060,D20261017-MAN-B737-04
C0060,D20261021-MAN-B737-04
C0060,D20261022-MAN-B737-04
C0060,D20261023-MAN-B737-03
C0060,D20261024-MAN-B737-03
C0060,D20261028-MAN-B737-02
C0060,D20261029-MAN-B737-04
C0060,D20261031-MAN-B737-03
