duty_id,base,aircraft_type,report_utc,release_utc,duty_date,day_index,duty_hours,block_hours,n_legs,captains_required,first_officers_required,route,report_wave
D20261001-BHX-A320-01,BHX,A320,2026-10-01 06:15:00,2026-10-01 15:10:00,2026-10-01,0,8.9167,5.167,4,1,1,BHX-AMS-BHX-AMS-BHX,Early
D20261001-BHX-A320-02,BHX,A320,2026-10-01 11:00:00,2026-10-01 18:45:00,2026-10-01,0,7.75,5.5,2,1,1,BHX-FCO-BHX,Mid
D20261001-BHX-A320-03,BHX,A320,2026-10-01 14:45:00,2026-10-01 23:50:00,2026-10-01,0,9.0833,5.333,4,1,1,BHX-BRU-BHX-CDG-BHX,Late
D20261001-BHX-A320-04,BHX,A320,2026-10-01 05:30:00,2026-10-01 16:15:00,2026-10-01,0,10.75,8.5,2,1,1,BHX-TFS-BHX,Early
D20261001-BHX-E190-02,BHX,E190,2026-10-01 10:45:00,2026-10-01 19:35:00,2026-10-01,0,8.8333,5.083,4,1,1,BHX-CDG-BHX-BRU-BHX,Mid
D20261001-BHX-E190-03,BHX,E190,2026-10-01 14:30:00,2026-10-01 22:45:00,2026-10-01,0,8.25,4.5,4,1,1,BHX-DUB-BHX-AMS-BHX,Late
D20261001-EDI-A320-01,EDI,A320,2026-10-01 05:45:00,2026-10-01 14:50:00,2026-10-01,0,9.0833,5.333,4,1,1,EDI-CDG-EDI-BRU-EDI,Early
D20261001-EDI-A320-02,EDI,A320,2026-10-01 11:15:00,2026-10-01 19:40:00,2026-10-01,0,8.4167,4.667,4,1,1,EDI-BRU-EDI-BRU-EDI,Mid
D20261001-EDI-A320-03,EDI,A320,2026-10-01 15:45:00,2026-10-01 22:30:00,2026-10-01,0,6.75,4.5,2,1,1,EDI-PMI-EDI,Late
D20261001-EDI-B737-01,EDI,B737,2026-10-01 06:15:00,2026-10-01 13:30:00,2026-10-01,0,7.25,5.0,2,1,1,EDI-ALC-EDI,Early
D20261001-EDI-B737-02,EDI,B737,2026-10-01 11:00:00,2026-10-01 19:00:00,2026-10-01,0,8.0,4.25,4,1,1,EDI-DUB-EDI-BRU-EDI,Mid
D20261001-EDI-B737-03,EDI,B737,2026-10-01 16:00:00,2026-10-01 22:30:00,2026-10-01,0,6.5,4.25,2,1,1,EDI-BCN-EDI,Late
D20261001-MAN-A320-01,MAN,A320,2026-10-01 06:15:00,2026-10-01 13:20:00,2026-10-01,0,7.0833,4.833,2,1,1,MAN-KRK-MAN,Early
D20261001-MAN-A320-02,MAN,A320,2026-10-01 10:00:00,2026-10-01 18:10:00,2026-10-01,0,8.1667,4.417,4,1,1,MAN-DUB-MAN-CDG-MAN,Mid
D20261001-MAN-A320-03,MAN,A320,2026-10-01 15:30:00,2026-10-01 23:10:00,2026-10-01,0,7.6667,5.417,2,1,1,MAN-FAO-MAN,Late
D20261001-MAN-A320-04,MAN,A320,2026-10-01 06:30:00,2026-10-01 15:30:00,2026-10-01,0,9.0,5.25,4,1,1,MAN-AMS-MAN-CDG-MAN,Early
D20261001-MAN-A320-05,MAN,A320,2026-10-01 10:00:00,2026-10-01 17:40:00,2026-10-01,0,7.6667,5.417,2,1,1,MAN-FCO-MAN,Mid
D20261001-MAN-A320-06,MAN,A320,2026-10-01 16:00:00,2026-10-02 02:45:00,2026-10-01,0,10.75,8.5,2,1,1,MAN-TFS-MAN,Late
D20261001-MAN-B737-01,MAN,B737,2026-10-01 05:45:00,2026-10-01 13:05:00,2026-10-01,0,7.3333,5.083,2,1,1,MAN-KRK-MAN,Early
D20261001-MAN-B737-02,MAN,B737,2026-10-01 11:30:00,2026-10-01 18:40:00,2026-10-01,0,7.1667,4.917,2,1,1,MAN-ALC-MAN,Mid
D20261001-MAN-B737-03,MAN,B737,2026-10-01 14:45:00,2026-10-01 23:10:00,2026-10-01,0,8.4167,4.667,4,1,1,MAN-DUB-MAN-AMS-MAN,Late
D20261001-MAN-B737-04,MAN,B737,2026-10-01 05:15:00,2026-10-01 12:40:00,2026-10-01,0,7.4167,5.167,2,1,1,MAN-ALC-MAN,Early
D20261002-BHX-A320-01,BHX,A320,2026-10-02 06:00:00,2026-10-02 12:55:00,2026-10-02,1,6.9167,4.667,2,1,1,BHX-BCN-BHX,Early
D20261002-BHX-A320-02,BHX,A320,2026-10-02 11:30:00,2026-10-02 19:10:00,2026-10-02,1,7.6667,5.417,2,1,1,BHX-FAO-BHX,Mid
D20261002-BHX-A320-03,BHX,A320,2026-10-02 15:15:00,2026-10-03 00:25:00,2026-10-02,1,9.1667,5.417,4,1,1,BHX-AMS-BHX-CDG-BHX,Late
D20261002-BHX-A320-04,BHX,A320,2026-10-02 05:30:00,2026-10-02 15:55:00,2026-10-02,1,10.4167,8.167,2,1,1,BHX-TFS-BHX,Early
D20261002-BHX-A320-05,BHX,A320,2026-10-02 10:00:00,2026-10-02 18:00:00,2026-10-02,1,8.0,4.25,4,1,1,BHX-DUB-BHX-BRU-BHX,Mid
D20261002-BHX-E190-01,BHX,E190,2026-10-02 05:15:00,2026-10-02 12:50:00,2026-10-02,1,7.5833,3.833,4,1,1,BHX-DUB-BHX-DUB-BHX,Early
D20261002-BHX-E190-02,BHX,E190,2026-10-02 10:45:00,2026-10-02 18:45:00,2026-10-02,1,8.0,4.25,4,1,1,BHX-DUB-BHX-AMS-BHX,Mid
D20261002-BHX-E190-03,BHX,E190,2026-10-02 15:30:00,2026-10-02 23:50:00,2026-10-02,1,8.3333,4.583,4,1,1,BHX-BRU-BHX-BRU-BHX,Late
D20261002-BHX-E190-04,BHX,E190,2026-10-02 06:15:00,2026-10-02 15:00:00,2026-10-02,1,8.75,5.0,4,1,1,BHX-BRU-BHX-CDG-BHX,Early
D20261002-EDI-A320-01,EDI,A320,2026-10-02 06:00:00,2026-10-02 13:55:00,2026-10-02,1,7.9167,4.167,4,1,1,EDI-DUB-EDI-AMS-EDI,Early
D20261002-EDI-A320-02,EDI,A320,2026-10-02 10:15:00,2026-10-02 17:10:00,2026-10-02,1,6.9167,4.667,2,1,1,EDI-PMI-EDI,Mid
D20261002-EDI-A320-03,EDI,A320,2026-10-02 15:00:00,2026-10-02 23:10:00,2026-10-02,1,8.1667,4.417,4,1,1,EDI-DUB-EDI-BRU-EDI,Late
D20261002-EDI-A320-04,EDI,A320,2026-10-02 05:00:00,2026-10-02 13:25:00,2026-10-02,1,8.4167,4.667,4,1,1,EDI-AMS-EDI-BRU-EDI,Early
D20261002-EDI-B737-01,EDI,B737,2026-10-02 06:30:00,2026-10-02 17:10:00,2026-10-02,1,10.6667,8.417,2,1,1,EDI-TFS-EDI,Early
D20261002-EDI-B737-02,EDI,B737,2026-10-02 10:00:00,2026-10-02 17:40:00,2026-10-02,1,7.6667,5.417,2,1,1,EDI-FAO-EDI,Mid
D20261002-EDI-B737-03,EDI,B737,2026-10-02 15:00:00,2026-10-02 23:30:00,2026-10-02,1,8.5,4.75,4,1,1,EDI-BRU-EDI-AMS-EDI,Late
D20261002-EDI-B737-04,EDI,B737,2026-10-02 05:00:00,2026-10-02 13:10:00,2026-10-02,1,8.1667,4.417,4,1,1,EDI-AMS-EDI-DUB-EDI,Early
D20261002-MAN-A320-01,MAN,A320,2026-10-02 05:00:00,2026-10-02 15:50:00,2026-10-02,1,10.8333,8.583,2,1,1,MAN-TFS-MAN,Early
D20261002-MAN-A320-02,MAN,A320,2026-10-02 11:00:00,2026-10-02 20:10:00,2026-10-02,1,9.1667,5.417,4,1,1,MAN-AMS-MAN-CDG-MAN,Mid
D20261002-MAN-A320-03,MAN,A320,2026-10-02 14:45:00,2026-10-02 23:30:00,2026-10-02,1,8.75,5.0,4,1,1,MAN-AMS-MAN-BRU-MAN,Late
D20261002-MAN-A320-04,MAN,A320,2026-10-02 05:45:00,2026-10-02 12:40:00,2026-10-02,1,6.9167,4.667,2,1,1,MAN-ALC-MAN,Early
D20261002-MAN-A320-05,MAN,A320,2026-10-02 11:00:00,2026-10-02 18:10:00,2026-10-02,1,7.1667,4.917,2,1,1,MAN-ALC-MAN,Mid
D20261002-MAN-A320-06,MAN,A320,2026-10-02 14:30:00,2026-10-02 21:00:00,2026-10-02,1,6.5,4.25,2,1,1,MAN-BCN-MAN,Late
D20261002-MAN-A320-07,MAN,A320,2026-10-02 05:15:00,2026-10-02 15:40:00,2026-10-02,1,10.4167,8.167,2,1,1,MAN-TFS-MAN,Early
D20261002-MAN-B737-01,MAN,B737,2026-10-02 06:00:00,2026-10-02 14:55:00,2026-10-02,1,8.9167,5.167,4,1,1,MAN-AMS-MAN-CDG-MAN,Early
D20261002-MAN-B737-02,MAN,B737,2026-10-02 10:45:00,2026-10-02 17:35:00,2026-10-02,1,6.8333,4.583,2,1,1,MAN-BCN-MAN,Mid
D20261002-MAN-B737-03,MAN,B737,2026-10-02 14:30:00,2026-10-02 22:00:00,2026-10-02,1,7.5,5.25,2,1,1,MAN-FCO-MAN,Late
D20261002-MAN-B737-04,MAN,B737,2026-10-02 05:15:00,2026-10-02 15:40:00,2026-10-02,1,10.4167,8.167,2,1,1,MAN-TFS-MAN,Early
D20261002-MAN-B737-05,MAN,B737,2026-10-02 10:45:00,2026-10-02 17:15:00,2026-10-02,1,6.5,4.25,2,1,1,MAN-PRG-MAN,Mid
D20261003-BHX-A320-01,BHX,A320,2026-10-03 06:00:00,2026-10-03 14:55:00,2026-10-03,2,8.9167,5.167,4,1,1,BHX-AMS-BHX-BRU-BHX,Early
D20261003-BHX-A320-02,BHX,A320,2026-10-03 11:15:00,2026-10-03 19:45:00,2026-10-03,2,8.5,4.75,4,1,1,BHX-BRU-BHX-BRU-BHX,Mid
D20261003-BHX-A320-03,BHX,A320,2026-10-03 14:45:00,2026-10-03 22:45:00,2026-10-03,2,8.0,5.75,2,1,1,BHX-FAO-BHX,Late
D20261003-BHX-A320-04,BHX,A320,2026-10-03 06:00:00,2026-10-03 14:30:00,2026-10-03,2,8.5,4.75,4,1,1,BHX-CDG-BHX-DUB-BHX,Early
D20261003-BHX-E190-01,BHX,E190,2026-10-03 05:30:00,2026-10-03 15:00:00,2026-10-03,2,9.5,5.75,4,1,1,BHX-CDG-BHX-CDG-BHX,Early
D20261003-BHX-E190-02,BHX,E190,2026-10-03 11:30:00,2026-10-03 19:35:00,2026-10-03,2,8.0833,4.333,4,1,1,BHX-AMS-BHX-DUB-BHX,Mid
D20261003-BHX-E190-03,BHX,E190,2026-10-03 16:00:00,2026-10-04 00:10:00,2026-10-03,2,8.1667,4.417,4,1,1,BHX-AMS-BHX-BRU-BHX,Late
D20261003-EDI-A320-01,EDI,A320,2026-10-03 05:45:00,2026-10-03 14:25:00,2026-10-03,2,8.6667,4.917,4,1,1,EDI-DUB-EDI-CDG-EDI,Early
D20261003-EDI-A320-02,EDI,A320,2026-10-03 10:45:00,2026-10-03 17:35:00,2026-10-03,2,6.8333,4.583,2,1,1,EDI-PMI-EDI,Mid
D20261003-EDI-A320-03,EDI,A320,2026-10-03 16:00:00,2026-10-04 00:40:00,2026-10-03,2,8.6667,4.917,4,1,1,EDI-DUB-EDI-CDG-EDI,Late
D20261003-EDI-B737-01,EDI,B737,2026-10-03 06:00:00,2026-10-03 12:30:00,2026-10-03,2,6.5,4.25,2,1,1,EDI-PRG-EDI,Early
D20261003-EDI-B737-02,EDI,B737,2026-10-03 11:15:00,2026-10-03 19:10:00,2026-10-03,2,7.9167,5.667,2,1,1,EDI-FCO-EDI,Mid
D20261003-EDI-B737-03,EDI,B737,2026-10-03 15:30:00,2026-10-04 01:05:00,2026-10-03,2,9.5833,5.833,4,1,1,EDI-CDG-EDI-CDG-EDI,Late
D20261003-MAN-A320-01,MAN,A320,2026-10-03 05:30:00,2026-10-03 12:10:00,2026-10-03,2,6.6667,4.417,2,1,1,MAN-BCN-MAN,Early
D20261003-MAN-A320-02,MAN,A320,2026-10-03 10:15:00,2026-10-03 19:30:00,2026-10-03,2,9.25,5.5,4,1,1,MAN-BRU-MAN-CDG-MAN,Mid
D20261003-MAN-A320-03,MAN,A320,2026-10-03 14:45:00,2026-10-03 23:50:00,2026-10-03,2,9.0833,5.333,4,1,1,MAN-AMS-MAN-CDG-MAN,Late
D20261003-MAN-A320-04,MAN,A320,2026-10-03 06:30:00,2026-10-03 14:55:00,2026-10-03,2,8.4167,4.667,4,1,1,MAN-AMS-MAN-BRU-MAN,Early
D20261003-MAN-A320-05,MAN,A320,2026-10-03 10:45:00,2026-10-03 21:20:00,2026-10-03,2,10.5833,8.333,2,1,1,MAN-TFS-MAN,Mid
D20261003-MAN-A320-06,MAN,A320,2026-10-03 16:00:00,2026-10-03 22:40:00,2026-10-03,2,6.6667,4.417,2,1,1,MAN-BCN-MAN,Late
D20261003-MAN-B737-01,MAN,B737,2026-10-03 05:30:00,2026-10-03 14:10:00,2026-10-03,2,8.6667,4.917,4,1,1,MAN-BRU-MAN-BRU-MAN,Early
D20261003-MAN-B737-02,MAN,B737,2026-10-03 10:00:00,2026-10-03 17:20:00,2026-10-03,2,7.3333,5.083,2,1,1,MAN-KRK-MAN,Mid
D20261003-MAN-B737-03,MAN,B737,2026-10-03 15:00:00,2026-10-03 22:45:00,2026-10-03,2,7.75,5.5,2,1,1,MAN-FAO-MAN,Late
D20261003-MAN-B737-04,MAN,B737,2026-10-03 05:45:00,2026-10-03 14:15:00,2026-10-03,2,8.5,4.75,4,1,1,MAN-DUB-MAN-CDG-MAN,Early
D20261004-BHX-A320-01,BHX,A320,2026-10-04 05:00:00,2026-10-04 13:00:00,2026-10-04,3,8.0,4.25,4,1,1,BHX-AMS-BHX-DUB-BHX,Early
D20261004-BHX-A320-02,BHX,A320,2026-10-04 10:15:00,2026-10-04 17:30:00,2026-10-04,3,7.25,5.0,2,1,1,BHX-KRK-BHX,Mid
D20261004-BHX-A320-03,BHX,A320,2026-10-04 15:30:00,2026-10-04 23:30:00,2026-10-04,3,8.0,4.25,4,1,1,BHX-DUB-BHX-AMS-BHX,Late
D20261004-BHX-A320-04,BHX,A320,2026-10-04 06:15:00,2026-10-04 15:50:00,2026-10-04,3,9.5833,5.833,4,1,1,BHX-CDG-BHX-CDG-BHX,Early
D20261004-BHX-A320-05,BHX,A320,2026-10-04 10:15:00,2026-10-04 17:35:00,2026-10-04,3,7.3333,5.083,2,1,1,BHX-KRK-BHX,Mid
D20261004-BHX-E190-01,BHX,E190,2026-10-04 05:00:00,2026-10-04 13:05:00,2026-10-04,3,8.0833,4.333,4,1,1,BHX-DUB-BHX-BRU-BHX,Early
D20261004-BHX-E190-02,BHX,E190,2026-10-04 10:00:00,2026-10-04 19:35:00,2026-10-04,3,9.5833,5.833,4,1,1,BHX-CDG-BHX-CDG-BHX,Mid
D20261004-BHX-E190-03,BHX,E190,2026-10-04 15:45:00,2026-10-05 00:50:00,2026-10-04,3,9.0833,5.333,4,1,1,BHX-AMS-BHX-CDG-BHX,Late
D20261004-BHX-E190-04,BHX,E190,2026-10-04 06:00:00,2026-10-04 15:30:00,2026-10-04,3,9.5,5.75,4,1,1,BHX-CDG-BHX-CDG-BHX,Early
D20261004-EDI-A320-01,EDI,A320,2026-10-04 06:30:00,2026-10-04 15:20:00,2026-10-04,3,8.8333,5.083,4,1,1,EDI-BRU-EDI-CDG-EDI,Early
D20261004-EDI-A320-02,EDI,A320,2026-10-04 10:00:00,2026-10-04 17:25:00,2026-10-04,3,7.4167,5.167,2,1,1,EDI-FCO-EDI,Mid
D20261004-EDI-A320-03,EDI,A320,2026-10-04 16:00:00,2026-10-04 23:30:00,2026-10-04,3,7.5,5.25,2,1,1,EDI-KRK-EDI,Late
D20261004-EDI-A320-04,EDI,A320,2026-10-04 05:30:00,2026-10-04 13:35:00,2026-10-04,3,8.0833,4.333,4,1,1,EDI-AMS-EDI-DUB-EDI,Early
D20261004-EDI-B737-01,EDI,B737,2026-10-04 05:45:00,2026-10-04 15:05:00,2026-10-04,3,9.3333,5.583,4,1,1,EDI-CDG-EDI-CDG-EDI,Early
D20261004-EDI-B737-02,EDI,B737,2026-10-04 10:30:00,2026-10-04 19:30:00,2026-10-04,3,9.0,5.25,4,1,1,EDI-BRU-EDI-CDG-EDI,Mid
D20261004-EDI-B737-03,EDI,B737,2026-10-04 15:00:00,2026-10-04 22:55:00,2026-10-04,3,7.9167,4.167,4,1,1,EDI-BRU-EDI-BRU-EDI,Late
D20261004-EDI-B737-04,EDI,B737,2026-10-04 06:00:00,2026-10-04 14:55:00,2026-10-04,3,8.9167,5.167,4,1,1,EDI-AMS-EDI-AMS-EDI,Early
D20261004-MAN-A320-01,MAN,A320,2026-10-04 05:15:00,2026-10-04 13:55:00,2026-10-04,3,8.6667,4.917,4,1,1,MAN-BRU-MAN-CDG-MAN,Early
D20261004-MAN-A320-02,MAN,A320,2026-10-04 10:30:00,2026-10-04 16:45:00,2026-10-04,3,6.25,4.0,2,1,1,MAN-PRG-MAN,Mid
D20261004-MAN-A320-03,MAN,A320,2026-10-04 15:45:00,2026-10-04 22:50:00,2026-10-04,3,7.0833,4.833,2,1,1,MAN-ALC-MAN,Late
D20261004-MAN-A320-04,MAN,A320,2026-10-04 06:00:00,2026-10-04 12:30:00,2026-10-04,3,6.5,4.25,2,1,1,MAN-BCN-MAN,Early
D20261004-MAN-A320-05,MAN,A320,2026-10-04 11:30:00,2026-10-04 20:10:00,2026-10-04,3,8.6667,4.917,4,1,1,MAN-DUB-MAN-CDG-MAN,Mid
D20261004-MAN-A320-06,MAN,A320,2026-10-04 16:00:00,2026-10-04 23:10:00,2026-10-04,3,7.1667,4.917,2,1,1,MAN-ALC-MAN,Late
D20261004-MAN-A320-07,MAN,A320,2026-10-04 05:45:00,2026-10-04 13:30:00,2026-10-04,3,7.75,5.5,2,1,1,MAN-FCO-MAN,Early
D20261004-MAN-B737-01,MAN,B737,2026-10-04 06:15:00,2026-10-04 17:10:00,2026-10-04,3,10.9167,8.667,2,1,1,MAN-TFS-MAN,Early
D20261004-MAN-B737-02,MAN,B737,2026-10-04 11:00:00,2026-10-04 18:50:00,2026-10-04,3,7.8333,5.583,2,1,1,MAN-FAO-MAN,Mid
D20261004-MAN-B737-03,MAN,B737,2026-10-04 14:30:00,2026-10-04 23:20:00,2026-10-04,3,8.8333,5.083,4,1,1,MAN-AMS-MAN-CDG-MAN,Late
D20261004-MAN-B737-04,MAN,B737,2026-10-04 05:30:00,2026-10-04 14:20:00,2026-10-04,3,8.8333,5.083,4,1,1,MAN-CDG-MAN-BRU-MAN,Early
D20261004-MAN-B737-05,MAN,B737,2026-10-04 10:00:00,2026-10-04 17:50:00,2026-10-04,3,7.8333,4.083,4,1,1,MAN-DUB-MAN-BRU-MAN,Mid
D20261005-BHX-A320-01,BHX,A320,2026-10-05 06:15:00,2026-10-05 13:40:00,2026-10-05,4,7.4167,5.167,2,1,1,BHX-KRK-BHX,Early
D20261005-BHX-A320-02,BHX,A320,2026-10-05 11:15:00,2026-10-05 19:55:00,2026-10-05,4,8.6667,4.917,4,1,1,BHX-AMS-BHX-CDG-BHX,Mid
D20261005-BHX-A320-03,BHX,A320,2026-10-05 14:45:00,2026-10-05 21:45:00,2026-10-05,4,7.0,4.75,2,1,1,BHX-PMI-BHX,Late
D20261005-BHX-A320-04,BHX,A320,2026-10-05 06:30:00,2026-10-05 15:35:00,2026-10-05,4,9.0833,5.333,4,1,1,BHX-BRU-BHX-CDG-BHX,Early
D20261005-BHX-E190-01,BHX,E190,2026-10-05 06:00:00,2026-10-05 15:00:00,2026-10-05,4,9.0,5.25,4,1,1,BHX-CDG-BHX-CDG-BHX,Early
D20261005-BHX-E190-02,BHX,E190,2026-10-05 10:30:00,2026-10-05 18:20:00,2026-10-05,4,7.8333,4.083,4,1,1,BHX-DUB-BHX-DUB-BHX,Mid
D20261005-BHX-E190-03,BHX,E190,2026-10-05 14:30:00,2026-10-05 22:35:00,2026-10-05,4,8.0833,4.333,4,1,1,BHX-BRU-BHX-DUB-BHX,Late
D20261005-EDI-A320-01,EDI,A320,2026-10-05 05:30:00,2026-10-05 13:20:00,2026-10-05,4,7.8333,5.583,2,1,1,EDI-FAO-EDI,Early
D20261005-EDI-A320-02,EDI,A320,2026-10-05 10:00:00,2026-10-05 17:45:00,2026-10-05,4,7.75,5.5,2,1,1,EDI-FAO-EDI,Mid
D20261005-EDI-A320-03,EDI,A320,2026-10-05 16:00:00,2026-10-05 23:45:00,2026-10-05,4,7.75,5.5,2,1,1,EDI-FAO-EDI,Late
D20261005-EDI-B737-01,EDI,B737,2026-10-05 05:45:00,2026-10-05 14:00:00,2026-10-05,4,8.25,4.5,4,1,1,EDI-DUB-EDI-CDG-EDI,Early
D20261005-EDI-B737-02,EDI,B737,2026-10-05 11:30:00,2026-10-05 18:10:00,2026-10-05,4,6.6667,4.417,2,1,1,EDI-BCN-EDI,Mid
D20261005-EDI-B737-03,EDI,B737,2026-10-05 15:15:00,2026-10-05 22:50:00,2026-10-05,4,7.5833,5.333,2,1,1,EDI-FCO-EDI,Late
D20261005-MAN-A320-01,MAN,A320,2026-10-05 06:00:00,2026-10-05 14:05:00,2026-10-05,4,8.0833,4.333,4,1,1,MAN-DUB-MAN-AMS-MAN,Early
D20261005-MAN-A320-02,MAN,A320,2026-10-05 10:15:00,2026-10-05 16:55:00,2026-10-05,4,6.6667,4.417,2,1,1,MAN-BCN-MAN,Mid
D20261005-MAN-A320-03,MAN,A320,2026-10-05 14:45:00,2026-10-05 23:25:00,2026-10-05,4,8.6667,4.917,4,1,1,MAN-CDG-MAN-DUB-MAN,Late
D20261005-MAN-A320-04,MAN,A320,2026-10-05 05:15:00,2026-10-05 13:50:00,2026-10-05,4,8.5833,4.833,4,1,1,MAN-BRU-MAN-CDG-MAN,Early
D20261005-MAN-A320-05,MAN,A320,2026-10-05 11:15:00,2026-10-05 18:25:00,2026-10-05,4,7.1667,4.917,2,1,1,MAN-PMI-MAN,Mid
D20261005-MAN-A320-06,MAN,A320,2026-10-05 14:30:00,2026-10-05 23:05:00,2026-10-05,4,8.5833,4.833,4,1,1,MAN-DUB-MAN-CDG-MAN,Late
D20261005-MAN-B737-01,MAN,B737,2026-10-05 05:45:00,2026-10-05 14:40:00,2026-10-05,4,8.9167,5.167,4,1,1,MAN-BRU-MAN-CDG-MAN,Early
D20261005-MAN-B737-02,MAN,B737,2026-10-05 11:30:00,2026-10-05 18:30:00,2026-10-05,4,7.0,4.75,2,1,1,MAN-ALC-MAN,Mid
D20261005-MAN-B737-03,MAN,B737,2026-10-05 14:45:00,2026-10-05 21:05:00,2026-10-05,4,6.3333,4.083,2,1,1,MAN-PRG-MAN,Late
D20261005-MAN-B737-04,MAN,B737,2026-10-05 06:15:00,2026-10-05 14:25:00,2026-10-05,4,8.1667,4.417,4,1,1,MAN-BRU-MAN-DUB-MAN,Early
D20261006-BHX-A320-01,BHX,A320,2026-10-06 05:30:00,2026-10-06 15:15:00,2026-10-06,5,9.75,6.0,4,1,1,BHX-CDG-BHX-CDG-BHX,Early
D20261006-BHX-A320-02,BHX,A320,2026-10-06 10:45:00,2026-10-06 18:25:00,2026-10-06,5,7.6667,5.417,2,1,1,BHX-FAO-BHX,Mid
D20261006-BHX-A320-03,BHX,A320,2026-10-06 15:45:00,2026-10-07 01:25:00,2026-10-06,5,9.6667,5.917,4,1,1,BHX-CDG-BHX-CDG-BHX,Late
D20261006-BHX-E190-01,BHX,E190,2026-10-06 05:00:00,2026-10-06 13:45:00,2026-10-06,5,8.75,5.0,4,1,1,BHX-AMS-BHX-BRU-BHX,Early
D20261006-BHX-E190-02,BHX,E190,2026-10-06 10:45:00,2026-10-06 19:00:00,2026-10-06,5,8.25,4.5,4,1,1,BHX-DUB-BHX-AMS-BHX,Mid
D20261006-EDI-A320-01,EDI,A320,2026-10-06 05:30:00,2026-10-06 13:25:00,2026-10-06,5,7.9167,5.667,2,1,1,EDI-FAO-EDI,Early
D20261006-EDI-A320-02,EDI,A320,2026-10-06 11:30:00,2026-10-06 20:40:00,2026-10-06,5,9.1667,5.417,4,1,1,EDI-CDG-EDI-BRU-EDI,Mid
D20261006-EDI-B737-01,EDI,B737,2026-10-06 06:00:00,2026-10-06 13:30:00,2026-10-06,5,7.5,5.25,2,1,1,EDI-KRK-EDI,Early
D20261006-EDI-B737-02,EDI,B737,2026-10-06 10:45:00,2026-10-06 18:55:00,2026-10-06,5,8.1667,4.417,4,1,1,EDI-DUB-EDI-CDG-EDI,Mid
D20261006-MAN-A320-01,MAN,A320,2026-10-06 05:45:00,2026-10-06 14:35:00,2026-10-06,5,8.8333,5.083,4,1,1,MAN-AMS-MAN-BRU-MAN,Early
D20261006-MAN-A320-02,MAN,A320,2026-10-06 10:00:00,2026-10-06 17:15:00,2026-10-06,5,7.25,5.0,2,1,1,MAN-ALC-MAN,Mid
D20261006-MAN-A320-03,MAN,A320,2026-10-06 14:30:00,2026-10-06 22:55:00,2026-10-06,5,8.4167,4.667,4,1,1,MAN-DUB-MAN-AMS-MAN,Late
D20261006-MAN-A320-04,MAN,A320,2026-10-06 06:30:00,2026-10-06 13:40:00,2026-10-06,5,7.1667,4.917,2,1,1,MAN-KRK-MAN,Early
D20261006-MAN-A320-05,MAN,A320,2026-10-06 11:30:00,2026-10-06 22:00:00,2026-10-06,5,10.5,8.25,2,1,1,MAN-TFS-MAN,Mid
D20261006-MAN-B737-01,MAN,B737,2026-10-06 05:45:00,2026-10-06 12:40:00,2026-10-06,5,6.9167,4.667,2,1,1,MAN-PMI-MAN,Early
D20261006-MAN-B737-02,MAN,B737,2026-10-06 11:30:00,2026-10-06 19:50:00,2026-10-06,5,8.3333,4.583,4,1,1,MAN-BRU-MAN-BRU-MAN,Mid
D20261006-MAN-B737-03,MAN,B737,2026-10-06 15:45:00,2026-10-06 22:40:00,2026-10-06,5,6.9167,4.667,2,1,1,MAN-PMI-MAN,Late
D20261007-BHX-A320-01,BHX,A320,2026-10-07 06:00:00,2026-10-07 12:40:00,2026-10-07,6,6.6667,4.417,2,1,1,BHX-PMI-BHX,Early
D20261007-BHX-A320-02,BHX,A320,2026-10-07 11:15:00,2026-10-07 18:25:00,2026-10-07,6,7.1667,4.917,2,1,1,BHX-ALC-BHX,Mid
D20261007-BHX-A320-03,BHX,A320,2026-10-07 15:00:00,2026-10-07 22:15:00,2026-10-07,6,7.25,5.0,2,1,1,BHX-KRK-BHX,Late
D20261007-BHX-A320-04,BHX,A320,2026-10-07 06:30:00,2026-10-07 14:55:00,2026-10-07,6,8.4167,4.667,4,1,1,BHX-BRU-BHX-BRU-BHX,Early
D20261007-BHX-E190-01,BHX,E190,2026-10-07 05:15:00,2026-10-07 13:45:00,2026-10-07,6,8.5,4.75,4,1,1,BHX-CDG-BHX-BRU-BHX,Early
D20261007-BHX-E190-02,BHX,E190,2026-10-07 10:30:00,2026-10-07 19:25:00,2026-10-07,6,8.9167,5.167,4,1,1,BHX-BRU-BHX-CDG-BHX,Mid
D20261007-BHX-E190-03,BHX,E190,2026-10-07 14:30:00,2026-10-07 23:20:00,2026-10-07,6,8.8333,5.083,4,1,1,BHX-BRU-BHX-AMS-BHX,Late
D20261007-EDI-A320-01,EDI,A320,2026-10-07 06:15:00,2026-10-07 12:50:00,2026-10-07,6,6.5833,4.333,2,1,1,EDI-PMI-EDI,Early
D20261007-EDI-A320-02,EDI,A320,2026-10-07 10:45:00,2026-10-07 18:05:00,2026-10-07,6,7.3333,5.083,2,1,1,EDI-ALC-EDI,Mid
D20261007-EDI-A320-03,EDI,A320,2026-10-07 15:15:00,2026-10-07 23:05:00,2026-10-07,6,7.8333,5.583,2,1,1,EDI-FAO-EDI,Late
D20261007-EDI-B737-01,EDI,B737,2026-10-07 05:45:00,2026-10-07 15:15:00,2026-10-07,6,9.5,5.75,4,1,1,EDI-CDG-EDI-CDG-EDI,Early
D20261007-EDI-B737-02,EDI,B737,2026-10-07 10:45:00,2026-10-07 19:10:00,2026-10-07,6,8.4167,4.667,4,1,1,EDI-BRU-EDI-DUB-EDI,Mid
D20261007-EDI-B737-03,EDI,B737,2026-10-07 14:30:00,2026-10-07 22:05:00,2026-10-07,6,7.5833,5.333,2,1,1,EDI-ALC-EDI,Late
D20261007-MAN-A320-01,MAN,A320,2026-10-07 05:00:00,2026-10-07 12:30:00,2026-10-07,6,7.5,5.25,2,1,1,MAN-FCO-MAN,Early
D20261007-MAN-A320-02,MAN,A320,2026-10-07 10:45:00,2026-10-07 19:30:00,2026-10-07,6,8.75,5.0,4,1,1,MAN-AMS-MAN-AMS-MAN,Mid
D20261007-MAN-A320-03,MAN,A320,2026-10-07 15:15:00,2026-10-07 23:40:00,2026-10-07,6,8.4167,4.667,4,1,1,MAN-AMS-MAN-AMS-MAN,Late
D20261007-MAN-A320-04,MAN,A320,2026-10-07 06:30:00,2026-10-07 13:45:00,2026-10-07,6,7.25,5.0,2,1,1,MAN-KRK-MAN,Early
D20261007-MAN-A320-05,MAN,A320,2026-10-07 10:45:00,2026-10-07 19:50:00,2026-10-07,6,9.0833,5.333,4,1,1,MAN-BRU-MAN-CDG-MAN,Mid
D20261007-MAN-A320-06,MAN,A320,2026-10-07 16:00:00,2026-10-07 23:10:00,2026-10-07,6,7.1667,4.917,2,1,1,MAN-ALC-MAN,Late
D20261007-MAN-B737-01,MAN,B737,2026-10-07 05:30:00,2026-10-07 13:45:00,2026-10-07,6,8.25,4.5,4,1,1,MAN-BRU-MAN-DUB-MAN,Early
D20261007-MAN-B737-02,MAN,B737,2026-10-07 11:15:00,2026-10-07 20:05:00,2026-10-07,6,8.8333,5.083,4,1,1,MAN-DUB-MAN-CDG-MAN,Mid
D20261007-MAN-B737-03,MAN,B737,2026-10-07 16:00:00,2026-10-07 23:20:00,2026-10-07,6,7.3333,5.083,2,1,1,MAN-ALC-MAN,Late
D20261007-MAN-B737-04,MAN,B737,2026-10-07 06:15:00,2026-10-07 14:40:00,2026-10-07,6,8.4167,4.667,4,1,1,MAN-AMS-MAN-DUB-MAN,Early
D20261008-BHX-A320-01,BHX,A320,2026-10-08 05:45:00,2026-10-08 14:10:00,2026-10-08,7,8.4167,4.667,4,1,1,BHX-CDG-BHX-DUB-BHX,Early
D20261008-BHX-A320-02,BHX,A320,2026-10-08 11:00:00,2026-10-08 17:55:00,2026-10-08,7,6.9167,4.667,2,1,1,BHX-PMI-BHX,Mid
D20261008-BHX-A320-03,BHX,A320,2026-10-08 15:30:00,2026-10-09 00:20:00,2026-10-08,7,8.8333,5.083,4,1,1,BHX-CDG-BHX-BRU-BHX,Late
D20261008-BHX-A320-04,BHX,A320,2026-10-08 06:30:00,2026-10-08 15:25:00,2026-10-08,7,8.9167,5.167,4,1,1,BHX-AMS-BHX-CDG-BHX,Early
D20261008-BHX-E190-01,BHX,E190,2026-10-08 05:45:00,2026-10-08 13:45:00,2026-10-08,7,8.0,4.25,4,1,1,BHX-DUB-BHX-BRU-BHX,Early
D20261008-BHX-E190-02,BHX,E190,2026-10-08 10:45:00,2026-10-08 18:20:00,2026-10-08,7,7.5833,3.833,4,1,1,BHX-DUB-BHX-DUB-BHX,Mid
D20261008-BHX-E190-03,BHX,E190,2026-10-08 16:00:00,2026-10-09 00:00:00,2026-10-08,7,8.0,4.25,4,1,1,BHX-AMS-BHX-DUB-BHX,Late
D20261008-EDI-A320-01,EDI,A320,2026-10-08 05:30:00,2026-10-08 14:10:00,2026-10-08,7,8.6667,4.917,4,1,1,EDI-CDG-EDI-DUB-EDI,Early
D20261008-EDI-A320-02,EDI,A320,2026-10-08 10:15:00,2026-10-08 20:35:00,2026-10-08,7,10.3333,8.083,2,1,1,EDI-TFS-EDI,Mid
D20261008-EDI-A320-03,EDI,A320,2026-10-08 16:00:00,2026-10-09 00:25:00,2026-10-08,7,8.4167,4.667,4,1,1,EDI-DUB-EDI-BRU-EDI,Late
D20261008-EDI-B737-01,EDI,B737,2026-10-08 06:30:00,2026-10-08 14:35:00,2026-10-08,7,8.0833,4.333,4,1,1,EDI-DUB-EDI-BRU-EDI,Early
D20261008-EDI-B737-02,EDI,B737,2026-10-08 10:30:00,2026-10-08 17:25:00,2026-10-08,7,6.9167,4.667,2,1,1,EDI-PMI-EDI,Mid
D20261008-EDI-B737-03,EDI,B737,2026-10-08 14:45:00,2026-10-08 22:25:00,2026-10-08,7,7.6667,3.917,4,1,1,EDI-DUB-EDI-DUB-EDI,Late
D20261008-MAN-A320-01,MAN,A320,2026-10-08 06:30:00,2026-10-08 13:50:00,2026-10-08,7,7.3333,5.083,2,1,1,MAN-ALC-MAN,Early
D20261008-MAN-A320-02,MAN,A320,2026-10-08 10:00:00,2026-10-08 17:25:00,2026-10-08,7,7.4167,5.167,2,1,1,MAN-FCO-MAN,Mid
D20261008-MAN-A320-03,MAN,A320,2026-10-08 15:30:00,2026-10-08 22:50:00,2026-10-08,7,7.3333,5.083,2,1,1,MAN-ALC-MAN,Late
D20261008-MAN-A320-04,MAN,A320,2026-10-08 05:15:00,2026-10-08 12:15:00,2026-10-08,7,7.0,4.75,2,1,1,MAN-PMI-MAN,Early
D20261008-MAN-A320-05,MAN,A320,2026-10-08 10:30:00,2026-10-08 19:15:00,2026-10-08,7,8.75,5.0,4,1,1,MAN-AMS-MAN-AMS-MAN,Mid
D20261008-MAN-A320-06,MAN,A320,2026-10-08 14:45:00,2026-10-08 21:50:00,2026-10-08,7,7.0833,4.833,2,1,1,MAN-ALC-MAN,Late
D20261008-MAN-B737-01,MAN,B737,2026-10-08 05:30:00,2026-10-08 13:20:00,2026-10-08,7,7.8333,5.583,2,1,1,MAN-FAO-MAN,Early
D20261008-MAN-B737-02,MAN,B737,2026-10-08 10:45:00,2026-10-08 18:10:00,2026-10-08,7,7.4167,5.167,2,1,1,MAN-FCO-MAN,Mid
D20261008-MAN-B737-03,MAN,B737,2026-10-08 15:30:00,2026-10-08 22:20:00,2026-10-08,7,6.8333,4.583,2,1,1,MAN-BCN-MAN,Late
D20261008-MAN-B737-04,MAN,B737,2026-10-08 06:15:00,2026-10-08 16:45:00,2026-10-08,7,10.5,8.25,2,1,1,MAN-TFS-MAN,Early
D20261009-BHX-A320-01,BHX,A320,2026-10-09 06:30:00,2026-10-09 12:50:00,2026-10-09,8,6.3333,4.083,2,1,1,BHX-PRG-BHX,Early
D20261009-BHX-A320-02,BHX,A320,2026-10-09 11:30:00,2026-10-09 18:15:00,2026-10-09,8,6.75,4.5,2,1,1,BHX-PMI-BHX,Mid
D20261009-BHX-A320-03,BHX,A320,2026-10-09 14:45:00,2026-10-09 21:50:00,2026-10-09,8,7.0833,4.833,2,1,1,BHX-PMI-BHX,Late
D20261009-BHX-A320-04,BHX,A320,2026-10-09 05:15:00,2026-10-09 15:00:00,2026-10-09,8,9.75,6.0,4,1,1,BHX-CDG-BHX-CDG-BHX,Early
D20261009-BHX-A320-05,BHX,A320,2026-10-09 11:00:00,2026-10-09 19:05:00,2026-10-09,8,8.0833,4.333,4,1,1,BHX-BRU-BHX-BRU-BHX,Mid
D20261009-BHX-E190-01,BHX,E190,2026-10-09 05:30:00,2026-10-09 13:20:00,2026-10-09,8,7.8333,4.083,4,1,1,BHX-DUB-BHX-BRU-BHX,Early
D20261009-BHX-E190-02,BHX,E190,2026-10-09 11:30:00,2026-10-09 19:40:00,2026-10-09,8,8.1667,4.417,4,1,1,BHX-BRU-BHX-DUB-BHX,Mid
D20261009-BHX-E190-03,BHX,E190,2026-10-09 15:15:00,2026-10-09 23:55:00,2026-10-09,8,8.6667,4.917,4,1,1,BHX-CDG-BHX-DUB-BHX,Late
D20261009-BHX-E190-04,BHX,E190,2026-10-09 05:45:00,2026-10-09 14:20:00,2026-10-09,8,8.5833,4.833,4,1,1,BHX-AMS-BHX-DUB-BHX,Early
D20261009-EDI-A320-01,EDI,A320,2026-10-09 05:00:00,2026-10-09 11:50:00,2026-10-09,8,6.8333,4.583,2,1,1,EDI-PMI-EDI,Early
D20261009-EDI-A320-02,EDI,A320,2026-10-09 10:45:00,2026-10-09 17:45:00,2026-10-09,8,7.0,4.75,2,1,1,EDI-PMI-EDI,Mid
D20261009-EDI-A320-03,EDI,A320,2026-10-09 15:15:00,2026-10-09 22:45:00,2026-10-09,8,7.5,5.25,2,1,1,EDI-FCO-EDI,Late
D20261009-EDI-A320-04,EDI,A320,2026-10-09 06:15:00,2026-10-09 14:15:00,2026-10-09,8,8.0,4.25,4,1,1,EDI-DUB-EDI-BRU-EDI,Early
D20261009-EDI-B737-01,EDI,B737,2026-10-09 06:15:00,2026-10-09 14:50:00,2026-10-09,8,8.5833,4.833,4,1,1,EDI-AMS-EDI-BRU-EDI,Early
D20261009-EDI-B737-02,EDI,B737,2026-10-09 11:15:00,2026-10-09 20:25:00,2026-10-09,8,9.1667,5.417,4,1,1,EDI-CDG-EDI-AMS-EDI,Mid
D20261009-EDI-B737-03,EDI,B737,2026-10-09 16:00:00,2026-10-09 23:05:00,2026-10-09,8,7.0833,4.833,2,1,1,EDI-PMI-EDI,Late
D20261009-EDI-B737-04,EDI,B737,2026-10-09 06:15:00,2026-10-09 14:45:00,2026-10-09,8,8.5,4.75,4,1,1,EDI-DUB-EDI-CDG-EDI,Early
D20261009-MAN-A320-01,MAN,A320,2026-10-09 05:30:00,2026-10-09 13:10:00,2026-10-09,8,7.6667,5.417,2,1,1,MAN-FCO-MAN,Early
D20261009-MAN-A320-02,MAN,A320,2026-10-09 10:00:00,2026-10-09 18:30:00,2026-10-09,8,8.5,4.75,4,1,1,MAN-AMS-MAN-AMS-MAN,Mid
D20261009-MAN-A320-03,MAN,A320,2026-10-09 15:15:00,2026-10-10 01:45:00,2026-10-09,8,10.5,8.25,2,1,1,MAN-TFS-MAN,Late
D20261009-MAN-A320-04,MAN,A320,2026-10-09 06:00:00,2026-10-09 13:40:00,2026-10-09,8,7.6667,5.417,2,1,1,MAN-FAO-MAN,Early
D20261009-MAN-A320-05,MAN,A320,2026-10-09 11:00:00,2026-10-09 18:05:00,2026-10-09,8,7.0833,4.833,2,1,1,MAN-KRK-MAN,Mid
D20261009-MAN-A320-06,MAN,A320,2026-10-09 15:30:00,2026-10-09 22:35:00,2026-10-09,8,7.0833,4.833,2,1,1,MAN-ALC-MAN,Late
D20261009-MAN-A320-07,MAN,A320,2026-10-09 05:15:00,2026-10-09 13:25:00,2026-10-09,8,8.1667,4.417,4,1,1,MAN-BRU-MAN-BRU-MAN,Early
D20261009-MAN-B737-01,MAN,B737,2026-10-09 06:00:00,2026-10-09 14:10:00,2026-10-09,8,8.1667,4.417,4,1,1,MAN-BRU-MAN-DUB-MAN,Early
D20261009-MAN-B737-02,MAN,B737,2026-10-09 10:00:00,2026-10-09 19:10:00,2026-10-09,8,9.1667,5.417,4,1,1,MAN-CDG-MAN-CDG-MAN,Mid
D20261009-MAN-B737-03,MAN,B737,2026-10-09 15:00:00,2026-10-10 01:50:00,2026-10-09,8,10.8333,8.583,2,1,1,MAN-TFS-MAN,Late
D20261009-MAN-B737-04,MAN,B737,2026-10-09 05:00:00,2026-10-09 11:20:00,2026-10-09,8,6.3333,4.083,2,1,1,MAN-PRG-MAN,Early
D20261009-MAN-B737-05,MAN,B737,2026-10-09 11:00:00,2026-10-09 18:15:00,2026-10-09,8,7.25,5.0,2,1,1,MAN-KRK-MAN,Mid
D20261010-BHX-A320-01,BHX,A320,2026-10-10 05:15:00,2026-10-10 13:15:00,2026-10-10,9,8.0,4.25,4,1,1,BHX-BRU-BHX-DUB-BHX,Early
D20261010-BHX-A320-02,BHX,A320,2026-10-10 10:00:00,2026-10-10 16:20:00,2026-10-10,9,6.3333,4.083,2,1,1,BHX-BCN-BHX,Mid
D20261010-BHX-A320-03,BHX,A320,2026-10-10 15:45:00,2026-10-11 00:35:00,2026-10-10,9,8.8333,5.083,4,1,1,BHX-AMS-BHX-AMS-BHX,Late
D20261010-BHX-A320-04,BHX,A320,2026-10-10 06:30:00,2026-10-10 14:55:00,2026-10-10,9,8.4167,4.667,4,1,1,BHX-CDG-BHX-DUB-BHX,Early
D20261010-BHX-E190-01,BHX,E190,2026-10-10 06:15:00,2026-10-10 14:35:00,2026-10-10,9,8.3333,4.583,4,1,1,BHX-CDG-BHX-DUB-BHX,Early
D20261010-BHX-E190-02,BHX,E190,2026-10-10 11:15:00,2026-10-10 19:40:00,2026-10-10,9,8.4167,4.667,4,1,1,BHX-CDG-BHX-DUB-BHX,Mid
D20261010-BHX-E190-03,BHX,E190,2026-10-10 15:30:00,2026-10-10 23:55:00,2026-10-10,9,8.4167,4.667,4,1,1,BHX-AMS-BHX-AMS-BHX,Late
D20261010-EDI-A320-01,EDI,A320,2026-10-10 05:15:00,2026-10-10 13:20:00,2026-10-10,9,8.0833,4.333,4,1,1,EDI-DUB-EDI-BRU-EDI,Early
D20261010-EDI-A320-02,EDI,A320,2026-10-10 11:00:00,2026-10-10 21:25:00,2026-10-10,9,10.4167,8.167,2,1,1,EDI-TFS-EDI,Mid
D20261010-EDI-A320-03,EDI,A320,2026-10-10 15:00:00,2026-10-10 21:20:00,2026-10-10,9,6.3333,4.083,2,1,1,EDI-BCN-EDI,Late
D20261010-EDI-B737-01,EDI,B737,2026-10-10 05:15:00,2026-10-10 13:10:00,2026-10-10,9,7.9167,4.167,4,1,1,EDI-DUB-EDI-BRU-EDI,Early
D20261010-EDI-B737-02,EDI,B737,2026-10-10 11:30:00,2026-10-10 21:00:00,2026-10-10,9,9.5,5.75,4,1,1,EDI-CDG-EDI-CDG-EDI,Mid
D20261010-EDI-B737-03,EDI,B737,2026-10-10 15:15:00,2026-10-10 22:15:00,2026-10-10,9,7.0,4.75,2,1,1,EDI-ALC-EDI,Late
D20261010-MAN-A320-01,MAN,A320,2026-10-10 05:30:00,2026-10-10 14:20:00,2026-10-10,9,8.8333,5.083,4,1,1,MAN-CDG-MAN-AMS-MAN,Early
D20261010-MAN-A320-02,MAN,A320,2026-10-10 10:00:00,2026-10-10 16:50:00,2026-10-10,9,6.8333,4.583,2,1,1,MAN-BCN-MAN,Mid
D20261010-MAN-A320-03,MAN,A320,2026-10-10 15:30:00,2026-10-10 23:05:00,2026-10-10,9,7.5833,5.333,2,1,1,MAN-FAO-MAN,Late
D20261010-MAN-A320-04,MAN,A320,2026-10-10 06:15:00,2026-10-10 15:20:00,2026-10-10,9,9.0833,5.333,4,1,1,MAN-AMS-MAN-CDG-MAN,Early
D20261010-MAN-A320-05,MAN,A320,2026-10-10 11:00:00,2026-10-10 21:25:00,2026-10-10,9,10.4167,8.167,2,1,1,MAN-TFS-MAN,Mid
D20261010-MAN-A320-06,MAN,A320,2026-10-10 16:00:00,2026-10-11 00:45:00,2026-10-10,9,8.75,5.0,4,1,1,MAN-AMS-MAN-BRU-MAN,Late
D20261010-MAN-B737-01,MAN,B737,2026-10-10 06:30:00,2026-10-10 14:30:00,2026-10-10,9,8.0,5.75,2,1,1,MAN-FAO-MAN,Early
D20261010-MAN-B737-02,MAN,B737,2026-10-10 11:30:00,2026-10-10 19:35:00,2026-10-10,9,8.0833,4.333,4,1,1,MAN-BRU-MAN-DUB-MAN,Mid
D20261010-MAN-B737-03,MAN,B737,2026-10-10 16:00:00,2026-10-10 22:25:00,2026-10-10,9,6.4167,4.167,2,1,1,MAN-PRG-MAN,Late
D20261010-MAN-B737-04,MAN,B737,2026-10-10 05:30:00,2026-10-10 12:20:00,2026-10-10,9,6.8333,4.583,2,1,1,MAN-PMI-MAN,Early
D20261011-BHX-A320-01,BHX,A320,2026-10-11 05:45:00,2026-10-11 12:45:00,2026-10-11,10,7.0,4.75,2,1,1,BHX-KRK-BHX,Early
D20261011-BHX-A320-02,BHX,A320,2026-10-11 11:15:00,2026-10-11 19:00:00,2026-10-11,10,7.75,5.5,2,1,1,BHX-FAO-BHX,Mid
D20261011-BHX-A320-03,BHX,A320,2026-10-11 16:00:00,2026-10-12 02:30:00,2026-10-11,10,10.5,8.25,2,1,1,BHX-TFS-BHX,Late
D20261011-BHX-A320-04,BHX,A320,2026-10-11 06:15:00,2026-10-11 15:25:00,2026-10-11,10,9.1667,5.417,4,1,1,BHX-CDG-BHX-AMS-BHX,Early
D20261011-BHX-A320-05,BHX,A320,2026-10-11 10:45:00,2026-10-11 19:05:00,2026-10-11,10,8.3333,4.583,4,1,1,BHX-BRU-BHX-BRU-BHX,Mid
D20261011-BHX-E190-01,BHX,E190,2026-10-11 05:15:00,2026-10-11 13:30:00,2026-10-11,10,8.25,4.5,4,1,1,BHX-AMS-BHX-BRU-BHX,Early
D20261011-BHX-E190-02,BHX,E190,2026-10-11 11:30:00,2026-10-11 20:10:00,2026-10-11,10,8.6667,4.917,4,1,1,BHX-CDG-BHX-DUB-BHX,Mid
D20261011-BHX-E190-03,BHX,E190,2026-10-11 14:45:00,2026-10-11 22:40:00,2026-10-11,10,7.9167,4.167,4,1,1,BHX-DUB-BHX-DUB-BHX,Late
D20261011-BHX-E190-04,BHX,E190,2026-10-11 06:30:00,2026-10-11 14:45:00,2026-10-11,10,8.25,4.5,4,1,1,BHX-CDG-BHX-DUB-BHX,Early
D20261011-EDI-A320-01,EDI,A320,2026-10-11 06:00:00,2026-10-11 12:55:00,2026-10-11,10,6.9167,4.667,2,1,1,EDI-PMI-EDI,Early
D20261011-EDI-A320-02,EDI,A320,2026-10-11 11:00:00,2026-10-11 18:45:00,2026-10-11,10,7.75,4.0,4,1,1,EDI-DUB-EDI-DUB-EDI,Mid
D20261011-EDI-A320-03,EDI,A320,2026-10-11 14:45:00,2026-10-11 22:00:00,2026-10-11,10,7.25,5.0,2,1,1,EDI-KRK-EDI,Late
D20261011-EDI-A320-04,EDI,A320,2026-10-11 06:15:00,2026-10-11 14:50:00,2026-10-11,10,8.5833,4.833,4,1,1,EDI-BRU-EDI-AMS-EDI,Early
D20261011-EDI-B737-01,EDI,B737,2026-10-11 06:00:00,2026-10-11 15:00:00,2026-10-11,10,9.0,5.25,4,1,1,EDI-AMS-EDI-AMS-EDI,Early
D20261011-EDI-B737-02,EDI,B737,2026-10-11 11:00:00,2026-10-11 17:35:00,2026-10-11,10,6.5833,4.333,2,1,1,EDI-BCN-EDI,Mid
D20261011-EDI-B737-03,EDI,B737,2026-10-11 16:00:00,2026-10-12 01:05:00,2026-10-11,10,9.0833,5.333,4,1,1,EDI-AMS-EDI-CDG-EDI,Late
D20261011-EDI-B737-04,EDI,B737,2026-10-11 06:15:00,2026-10-11 15:15:00,2026-10-11,10,9.0,5.25,4,1,1,EDI-CDG-EDI-AMS-EDI,Early
D20261011-MAN-A320-01,MAN,A320,2026-10-11 05:00:00,2026-10-11 12:25:00,2026-10-11,10,7.4167,5.167,2,1,1,MAN-KRK-MAN,Early
D20261011-MAN-A320-02,MAN,A320,2026-10-11 11:00:00,2026-10-11 17:35:00,2026-10-11,10,6.5833,4.333,2,1,1,MAN-BCN-MAN,Mid
D20261011-MAN-A320-03,MAN,A320,2026-10-11 15:00:00,2026-10-11 23:05:00,2026-10-11,10,8.0833,4.333,4,1,1,MAN-DUB-MAN-BRU-MAN,Late
D20261011-MAN-A320-04,MAN,A320,2026-10-11 05:45:00,2026-10-11 15:00:00,2026-10-11,10,9.25,5.5,4,1,1,MAN-CDG-MAN-BRU-MAN,Early
D20261011-MAN-A320-05,MAN,A320,2026-10-11 11:00:00,2026-10-11 17:20:00,2026-10-11,10,6.3333,4.083,2,1,1,MAN-PRG-MAN,Mid
D20261011-MAN-A320-06,MAN,A320,2026-10-11 15:30:00,2026-10-11 23:50:00,2026-10-11,10,8.3333,4.583,4,1,1,MAN-AMS-MAN-BRU-MAN,Late
D20261011-MAN-A320-07,MAN,A320,2026-10-11 06:00:00,2026-10-11 14:50:00,2026-10-11,10,8.8333,5.083,4,1,1,MAN-AMS-MAN-CDG-MAN,Early
D20261011-MAN-B737-01,MAN,B737,2026-10-11 05:45:00,2026-10-11 12:15:00,2026-10-11,10,6.5,4.25,2,1,1,MAN-BCN-MAN,Early
D20261011-MAN-B737-02,MAN,B737,2026-10-11 10:30:00,2026-10-11 17:30:00,2026-10-11,10,7.0,4.75,2,1,1,MAN-PMI-MAN,Mid
D20261011-MAN-B737-03,MAN,B737,2026-10-11 15:30:00,2026-10-11 23:55:00,2026-10-11,10,8.4167,4.667,4,1,1,MAN-CDG-MAN-DUB-MAN,Late
D20261011-MAN-B737-04,MAN,B737,2026-10-11 06:00:00,2026-10-11 13:10:00,2026-10-11,10,7.1667,4.917,2,1,1,MAN-PMI-MAN,Early
D20261011-MAN-B737-05,MAN,B737,2026-10-11 10:30:00,2026-10-11 16:55:00,2026-10-11,10,6.4167,4.167,2,1,1,MAN-PRG-MAN,Mid
D20261012-BHX-A320-01,BHX,A320,2026-10-12 06:00:00,2026-10-12 14:15:00,2026-10-12,11,8.25,4.5,4,1,1,BHX-BRU-BHX-BRU-BHX,Early
D20261012-BHX-A320-02,BHX,A320,2026-10-12 11:00:00,2026-10-12 19:25:00,2026-10-12,11,8.4167,4.667,4,1,1,BHX-DUB-BHX-AMS-BHX,Mid
D20261012-BHX-A320-03,BHX,A320,2026-10-12 15:00:00,2026-10-12 23:45:00,2026-10-12,11,8.75,5.0,4,1,1,BHX-AMS-BHX-CDG-BHX,Late
D20261012-BHX-A320-04,BHX,A320,2026-10-12 05:45:00,2026-10-12 12:40:00,2026-10-12,11,6.9167,4.667,2,1,1,BHX-PMI-BHX,Early
D20261012-BHX-E190-01,BHX,E190,2026-10-12 05:30:00,2026-10-12 14:10:00,2026-10-12,11,8.6667,4.917,4,1,1,BHX-BRU-BHX-AMS-BHX,Early
D20261012-BHX-E190-02,BHX,E190,2026-10-12 11:00:00,2026-10-12 19:30:00,2026-10-12,11,8.5,4.75,4,1,1,BHX-CDG-BHX-BRU-BHX,Mid
D20261012-BHX-E190-03,BHX,E190,2026-10-12 15:15:00,2026-10-12 23:30:00,2026-10-12,11,8.25,4.5,4,1,1,BHX-BRU-BHX-DUB-BHX,Late
D20261012-EDI-A320-01,EDI,A320,2026-10-12 06:00:00,2026-10-12 14:40:00,2026-10-12,11,8.6667,4.917,4,1,1,EDI-DUB-EDI-CDG-EDI,Early
D20261012-EDI-A320-02,EDI,A320,2026-10-12 10:15:00,2026-10-12 18:30:00,2026-10-12,11,8.25,4.5,4,1,1,EDI-AMS-EDI-DUB-EDI,Mid
D20261012-EDI-A320-03,EDI,A320,2026-10-12 15:15:00,2026-10-12 22:35:00,2026-10-12,11,7.3333,5.083,2,1,1,EDI-ALC-EDI,Late
D20261012-EDI-B737-01,EDI,B737,2026-10-12 05:45:00,2026-10-12 14:10:00,2026-10-12,11,8.4167,4.667,4,1,1,EDI-DUB-EDI-AMS-EDI,Early
D20261012-EDI-B737-02,EDI,B737,2026-10-12 10:45:00,2026-10-12 17:40:00,2026-10-12,11,6.9167,4.667,2,1,1,EDI-PMI-EDI,Mid
D20261012-EDI-B737-03,EDI,B737,2026-10-12 15:30:00,2026-10-12 22:40:00,2026-10-12,11,7.1667,4.917,2,1,1,EDI-KRK-EDI,Late
D20261012-MAN-A320-01,MAN,A320,2026-10-12 05:00:00,2026-10-12 12:40:00,2026-10-12,11,7.6667,5.417,2,1,1,MAN-FAO-MAN,Early
D20261012-MAN-A320-02,MAN,A320,2026-10-12 11:00:00,2026-10-12 18:45:00,2026-10-12,11,7.75,5.5,2,1,1,MAN-FCO-MAN,Mid
D20261012-MAN-A320-03,MAN,A320,2026-10-12 15:15:00,2026-10-12 22:40:00,2026-10-12,11,7.4167,5.167,2,1,1,MAN-FCO-MAN,Late
D20261012-MAN-A320-04,MAN,A320,2026-10-12 05:15:00,2026-10-12 12:25:00,2026-10-12,11,7.1667,4.917,2,1,1,MAN-KRK-MAN,Early
D20261012-MAN-A320-05,MAN,A320,2026-10-12 10:00:00,2026-10-12 17:50:00,2026-10-12,11,7.8333,5.583,2,1,1,MAN-FAO-MAN,Mid
D20261012-MAN-A320-06,MAN,A320,2026-10-12 16:00:00,2026-10-13 00:25:00,2026-10-12,11,8.4167,4.667,4,1,1,MAN-BRU-MAN-BRU-MAN,Late
D20261012-MAN-B737-01,MAN,B737,2026-10-12 05:30:00,2026-10-12 12:05:00,2026-10-12,11,6.5833,4.333,2,1,1,MAN-PRG-MAN,Early
D20261012-MAN-B737-02,MAN,B737,2026-10-12 10:15:00,2026-10-12 17:35:00,2026-10-12,11,7.3333,5.083,2,1,1,MAN-FCO-MAN,Mid
D20261012-MAN-B737-03,MAN,B737,2026-10-12 15:30:00,2026-10-13 00:40:00,2026-10-12,11,9.1667,5.417,4,1,1,MAN-CDG-MAN-BRU-MAN,Late
D20261012-MAN-B737-04,MAN,B737,2026-10-12 06:15:00,2026-10-12 13:55:00,2026-10-12,11,7.6667,5.417,2,1,1,MAN-FAO-MAN,Early
D20261013-BHX-A320-01,BHX,A320,2026-10-13 05:15:00,2026-10-13 15:45:00,2026-10-13,12,10.5,8.25,2,1,1,BHX-TFS-BHX,Early
D20261013-BHX-A320-02,BHX,A320,2026-10-13 10:30:00,2026-10-13 17:05:00,2026-10-13,12,6.5833,4.333,2,1,1,BHX-BCN-BHX,Mid
D20261013-BHX-A320-03,BHX,A320,2026-10-13 15:30:00,2026-10-13 22:10:00,2026-10-13,12,6.6667,4.417,2,1,1,BHX-BCN-BHX,Late
D20261013-BHX-E190-01,BHX,E190,2026-10-13 06:30:00,2026-10-13 15:05:00,2026-10-13,12,8.5833,4.833,4,1,1,BHX-AMS-BHX-DUB-BHX,Early
D20261013-BHX-E190-02,BHX,E190,2026-10-13 11:30:00,2026-10-13 19:25:00,2026-10-13,12,7.9167,4.167,4,1,1,BHX-BRU-BHX-DUB-BHX,Mid
D20261013-EDI-A320-01,EDI,A320,2026-10-13 05:30:00,2026-10-13 16:10:00,2026-10-13,12,10.6667,8.417,2,1,1,EDI-TFS-EDI,Early
D20261013-EDI-A320-02,EDI,A320,2026-10-13 11:00:00,2026-10-13 18:15:00,2026-10-13,12,7.25,5.0,2,1,1,EDI-ALC-EDI,Mid
D20261013-EDI-B737-01,EDI,B737,2026-10-13 06:15:00,2026-10-13 13:25:00,2026-10-13,12,7.1667,4.917,2,1,1,EDI-KRK-EDI,Early
D20261013-EDI-B737-02,EDI,B737,2026-10-13 10:30:00,2026-10-13 19:20:00,2026-10-13,12,8.8333,5.083,4,1,1,EDI-AMS-EDI-AMS-EDI,Mid
D20261013-MAN-A320-01,MAN,A320,2026-10-13 05:15:00,2026-10-13 12:35:00,2026-10-13,12,7.3333,5.083,2,1,1,MAN-KRK-MAN,Early
D20261013-MAN-A320-02,MAN,A320,2026-10-13 10:30:00,2026-10-13 19:40:00,2026-10-13,12,9.1667,5.417,4,1,1,MAN-AMS-MAN-CDG-MAN,Mid
D20261013-MAN-A320-03,MAN,A320,2026-10-13 15:00:00,2026-10-13 22:55:00,2026-10-13,12,7.9167,5.667,2,1,1,MAN-FAO-MAN,Late
D20261013-MAN-A320-04,MAN,A320,2026-10-13 05:30:00,2026-10-13 14:05:00,2026-10-13,12,8.5833,4.833,4,1,1,MAN-AMS-MAN-BRU-MAN,Early
D20261013-MAN-A320-05,MAN,A320,2026-10-13 11:15:00,2026-10-13 21:50:00,2026-10-13,12,10.5833,8.333,2,1,1,MAN-TFS-MAN,Mid
D20261013-MAN-B737-02,MAN,B737,2026-10-13 11:00:00,2026-10-13 18:05:00,2026-10-13,12,7.0833,4.833,2,1,1,MAN-ALC-MAN,Mid
D20261013-MAN-B737-03,MAN,B737,2026-10-13 15:45:00,2026-10-13 22:30:00,2026-10-13,12,6.75,4.5,2,1,1,MAN-PMI-MAN,Late
D20261014-BHX-A320-01,BHX,A320,2026-10-14 06:00:00,2026-10-14 12:40:00,2026-10-14,13,6.6667,4.417,2,1,1,BHX-BCN-BHX,Early
D20261014-BHX-A320-02,BHX,A320,2026-10-14 10:30:00,2026-10-14 19:25:00,2026-10-14,13,8.9167,5.167,4,1,1,BHX-CDG-BHX-BRU-BHX,Mid
D20261014-BHX-A320-03,BHX,A320,2026-10-14 15:00:00,2026-10-14 22:45:00,2026-10-14,13,7.75,4.0,4,1,1,BHX-DUB-BHX-DUB-BHX,Late
D20261014-BHX-A320-04,BHX,A320,2026-10-14 05:15:00,2026-10-14 14:35:00,2026-10-14,13,9.3333,5.583,4,1,1,BHX-CDG-BHX-BRU-BHX,Early
D20261014-BHX-E190-01,BHX,E190,2026-10-14 05:45:00,2026-10-14 13:55:00,2026-10-14,13,8.1667,4.417,4,1,1,BHX-DUB-BHX-AMS-BHX,Early
D20261014-BHX-E190-02,BHX,E190,2026-10-14 11:00:00,2026-10-14 20:05:00,2026-10-14,13,9.0833,5.333,4,1,1,BHX-AMS-BHX-AMS-BHX,Mid
D20261014-BHX-E190-03,BHX,E190,2026-10-14 15:45:00,2026-10-15 01:00:00,2026-10-14,13,9.25,5.5,4,1,1,BHX-CDG-BHX-CDG-BHX,Late
D20261014-EDI-A320-01,EDI,A320,2026-10-14 06:15:00,2026-10-14 15:05:00,2026-10-14,13,8.8333,5.083,4,1,1,EDI-DUB-EDI-CDG-EDI,Early
D20261014-EDI-A320-02,EDI,A320,2026-10-14 10:00:00,2026-10-14 16:40:00,2026-10-14,13,6.6667,4.417,2,1,1,EDI-BCN-EDI,Mid
D20261014-EDI-A320-03,EDI,A320,2026-10-14 16:00:00,2026-10-14 22:30:00,2026-10-14,13,6.5,4.25,2,1,1,EDI-BCN-EDI,Late
D20261014-EDI-B737-01,EDI,B737,2026-10-14 05:15:00,2026-10-14 13:35:00,2026-10-14,13,8.3333,4.583,4,1,1,EDI-DUB-EDI-AMS-EDI,Early
D20261014-EDI-B737-02,EDI,B737,2026-10-14 10:30:00,2026-10-14 18:55:00,2026-10-14,13,8.4167,4.667,4,1,1,EDI-BRU-EDI-AMS-EDI,Mid
D20261014-EDI-B737-03,EDI,B737,2026-10-14 15:00:00,2026-10-14 22:00:00,2026-10-14,13,7.0,4.75,2,1,1,EDI-PMI-EDI,Late
D20261014-MAN-A320-01,MAN,A320,2026-10-14 05:30:00,2026-10-14 11:45:00,2026-10-14,13,6.25,4.0,2,1,1,MAN-PRG-MAN,Early
D20261014-MAN-A320-02,MAN,A320,2026-10-14 10:30:00,2026-10-14 18:25:00,2026-10-14,13,7.9167,4.167,4,1,1,MAN-DUB-MAN-BRU-MAN,Mid
D20261014-MAN-A320-03,MAN,A320,2026-10-14 15:30:00,2026-10-14 23:25:00,2026-10-14,13,7.9167,4.167,4,1,1,MAN-DUB-MAN-BRU-MAN,Late
D20261014-MAN-A320-04,MAN,A320,2026-10-14 05:30:00,2026-10-14 12:55:00,2026-10-14,13,7.4167,5.167,2,1,1,MAN-KRK-MAN,Early
D20261014-MAN-A320-05,MAN,A320,2026-10-14 10:30:00,2026-10-14 17:35:00,2026-10-14,13,7.0833,4.833,2,1,1,MAN-ALC-MAN,Mid
D20261014-MAN-A320-06,MAN,A320,2026-10-14 14:45:00,2026-10-14 22:20:00,2026-10-14,13,7.5833,5.333,2,1,1,MAN-FCO-MAN,Late
D20261014-MAN-B737-01,MAN,B737,2026-10-14 05:45:00,2026-10-14 14:40:00,2026-10-14,13,8.9167,5.167,4,1,1,MAN-AMS-MAN-AMS-MAN,Early
D20261014-MAN-B737-02,MAN,B737,2026-10-14 11:00:00,2026-10-14 18:35:00,2026-10-14,13,7.5833,3.833,4,1,1,MAN-DUB-MAN-DUB-MAN,Mid
D20261014-MAN-B737-03,MAN,B737,2026-10-14 14:45:00,2026-10-15 01:05:00,2026-10-14,13,10.3333,8.083,2,1,1,MAN-TFS-MAN,Late
D20261014-MAN-B737-04,MAN,B737,2026-10-14 06:00:00,2026-10-14 16:40:00,2026-10-14,13,10.6667,8.417,2,1,1,MAN-TFS-MAN,Early
D20261015-BHX-A320-01,BHX,A320,2026-10-15 05:45:00,2026-10-15 16:20:00,2026-10-15,14,10.5833,8.333,2,1,1,BHX-TFS-BHX,Early
D20261015-BHX-A320-02,BHX,A320,2026-10-15 10:15:00,2026-10-15 17:55:00,2026-10-15,14,7.6667,5.417,2,1,1,BHX-FAO-BHX,Mid
D20261015-BHX-A320-03,BHX,A320,2026-10-15 15:45:00,2026-10-15 23:00:00,2026-10-15,14,7.25,5.0,2,1,1,BHX-KRK-BHX,Late
D20261015-BHX-A320-04,BHX,A320,2026-10-15 06:15:00,2026-10-15 13:00:00,2026-10-15,14,6.75,4.5,2,1,1,BHX-PMI-BHX,Early
D20261015-BHX-E190-01,BHX,E190,2026-10-15 06:00:00,2026-10-15 15:15:00,2026-10-15,14,9.25,5.5,4,1,1,BHX-AMS-BHX-CDG-BHX,Early
D20261015-BHX-E190-02,BHX,E190,2026-10-15 10:45:00,2026-10-15 20:10:00,2026-10-15,14,9.4167,5.667,4,1,1,BHX-CDG-BHX-CDG-BHX,Mid
D20261015-BHX-E190-03,BHX,E190,2026-10-15 15:15:00,2026-10-15 23:30:00,2026-10-15,14,8.25,4.5,4,1,1,BHX-AMS-BHX-DUB-BHX,Late
D20261015-EDI-A320-01,EDI,A320,2026-10-15 05:00:00,2026-10-15 14:00:00,2026-10-15,14,9.0,5.25,4,1,1,EDI-CDG-EDI-AMS-EDI,Early
D20261015-EDI-A320-02,EDI,A320,2026-10-15 11:00:00,2026-10-15 17:40:00,2026-10-15,14,6.6667,4.417,2,1,1,EDI-BCN-EDI,Mid
D20261015-EDI-A320-03,EDI,A320,2026-10-15 15:30:00,2026-10-15 23:45:00,2026-10-15,14,8.25,4.5,4,1,1,EDI-CDG-EDI-DUB-EDI,Late
D20261015-EDI-B737-01,EDI,B737,2026-10-15 05:30:00,2026-10-15 12:40:00,2026-10-15,14,7.1667,4.917,2,1,1,EDI-KRK-EDI,Early
D20261015-EDI-B737-02,EDI,B737,2026-10-15 11:15:00,2026-10-15 17:50:00,2026-10-15,14,6.5833,4.333,2,1,1,EDI-PMI-EDI,Mid
D20261015-EDI-B737-03,EDI,B737,2026-10-15 14:45:00,2026-10-15 22:00:00,2026-10-15,14,7.25,5.0,2,1,1,EDI-KRK-EDI,Late
D20261015-MAN-A320-01,MAN,A320,2026-10-15 05:45:00,2026-10-15 13:35:00,2026-10-15,14,7.8333,5.583,2,1,1,MAN-FCO-MAN,Early
D20261015-MAN-A320-02,MAN,A320,2026-10-15 11:30:00,2026-10-15 19:10:00,2026-10-15,14,7.6667,5.417,2,1,1,MAN-FAO-MAN,Mid
D20261015-MAN-A320-03,MAN,A320,2026-10-15 14:45:00,2026-10-16 00:00:00,2026-10-15,14,9.25,5.5,4,1,1,MAN-CDG-MAN-AMS-MAN,Late
D20261015-MAN-A320-04,MAN,A320,2026-10-15 05:00:00,2026-10-15 13:45:00,2026-10-15,14,8.75,5.0,4,1,1,MAN-CDG-MAN-AMS-MAN,Early
D20261015-MAN-A320-05,MAN,A320,2026-10-15 10:45:00,2026-10-15 18:40:00,2026-10-15,14,7.9167,4.167,4,1,1,MAN-DUB-MAN-AMS-MAN,Mid
D20261015-MAN-A320-06,MAN,A320,2026-10-15 14:30:00,2026-10-15 21:50:00,2026-10-15,14,7.3333,5.083,2,1,1,MAN-ALC-MAN,Late
D20261015-MAN-B737-01,MAN,B737,2026-10-15 05:30:00,2026-10-15 11:55:00,2026-10-15,14,6.4167,4.167,2,1,1,MAN-BCN-MAN,Early
D20261015-MAN-B737-02,MAN,B737,2026-10-15 11:15:00,2026-10-15 22:05:00,2026-10-15,14,10.8333,8.583,2,1,1,MAN-TFS-MAN,Mid
D20261015-MAN-B737-03,MAN,B737,2026-10-15 15:45:00,2026-10-15 23:05:00,2026-10-15,14,7.3333,5.083,2,1,1,MAN-ALC-MAN,Late
D20261015-MAN-B737-04,MAN,B737,2026-10-15 05:45:00,2026-10-15 13:10:00,2026-10-15,14,7.4167,5.167,2,1,1,MAN-FCO-MAN,Early
D20261016-BHX-A320-01,BHX,A320,2026-10-16 05:45:00,2026-10-16 12:10:00,2026-10-16,15,6.4167,4.167,2,1,1,BHX-PRG-BHX,Early
D20261016-BHX-A320-02,BHX,A320,2026-10-16 10:45:00,2026-10-16 17:40:00,2026-10-16,15,6.9167,4.667,2,1,1,BHX-KRK-BHX,Mid
D20261016-BHX-A320-03,BHX,A320,2026-10-16 15:15:00,2026-10-16 22:40:00,2026-10-16,15,7.4167,5.167,2,1,1,BHX-FAO-BHX,Late
D20261016-BHX-A320-04,BHX,A320,2026-10-16 06:00:00,2026-10-16 13:30:00,2026-10-16,15,7.5,5.25,2,1,1,BHX-FCO-BHX,Early
D20261016-BHX-A320-05,BHX,A320,2026-10-16 10:45:00,2026-10-16 17:15:00,2026-10-16,15,6.5,4.25,2,1,1,BHX-PRG-BHX,Mid
D20261016-BHX-E190-01,BHX,E190,2026-10-16 05:15:00,2026-10-16 14:00:00,2026-10-16,15,8.75,5.0,4,1,1,BHX-AMS-BHX-CDG-BHX,Early
D20261016-BHX-E190-02,BHX,E190,2026-10-16 10:15:00,2026-10-16 18:55:00,2026-10-16,15,8.6667,4.917,4,1,1,BHX-CDG-BHX-BRU-BHX,Mid
D20261016-BHX-E190-03,BHX,E190,2026-10-16 14:45:00,2026-10-16 23:35:00,2026-10-16,15,8.8333,5.083,4,1,1,BHX-CDG-BHX-AMS-BHX,Late
D20261016-BHX-E190-04,BHX,E190,2026-10-16 06:30:00,2026-10-16 15:35:00,2026-10-16,15,9.0833,5.333,4,1,1,BHX-CDG-BHX-BRU-BHX,Early
D20261016-EDI-A320-01,EDI,A320,2026-10-16 06:00:00,2026-10-16 13:40:00,2026-10-16,15,7.6667,5.417,2,1,1,EDI-FCO-EDI,Early
D20261016-EDI-A320-02,EDI,A320,2026-10-16 10:45:00,2026-10-16 18:35:00,2026-10-16,15,7.8333,5.583,2,1,1,EDI-FAO-EDI,Mid
D20261016-EDI-A320-03,EDI,A320,2026-10-16 15:45:00,2026-10-17 00:15:00,2026-10-16,15,8.5,4.75,4,1,1,EDI-AMS-EDI-BRU-EDI,Late
D20261016-EDI-A320-04,EDI,A320,2026-10-16 06:00:00,2026-10-16 13:00:00,2026-10-16,15,7.0,4.75,2,1,1,EDI-PMI-EDI,Early
D20261016-EDI-B737-01,EDI,B737,2026-10-16 06:15:00,2026-10-16 13:25:00,2026-10-16,15,7.1667,4.917,2,1,1,EDI-ALC-EDI,Early
D20261016-EDI-B737-02,EDI,B737,2026-10-16 11:15:00,2026-10-16 19:00:00,2026-10-16,15,7.75,5.5,2,1,1,EDI-FAO-EDI,Mid
D20261016-EDI-B737-03,EDI,B737,2026-10-16 15:00:00,2026-10-16 22:05:00,2026-10-16,15,7.0833,4.833,2,1,1,EDI-PMI-EDI,Late
D20261016-EDI-B737-04,EDI,B737,2026-10-16 05:00:00,2026-10-16 15:35:00,2026-10-16,15,10.5833,8.333,2,1,1,EDI-TFS-EDI,Early
D20261016-MAN-A320-01,MAN,A320,2026-10-16 05:45:00,2026-10-16 13:25:00,2026-10-16,15,7.6667,5.417,2,1,1,MAN-FAO-MAN,Early
D20261016-MAN-A320-02,MAN,A320,2026-10-16 11:15:00,2026-10-16 17:50:00,2026-10-16,15,6.5833,4.333,2,1,1,MAN-PRG-MAN,Mid
D20261016-MAN-A320-03,MAN,A320,2026-10-16 16:00:00,2026-10-16 23:45:00,2026-10-16,15,7.75,5.5,2,1,1,MAN-FAO-MAN,Late
D20261016-MAN-A320-04,MAN,A320,2026-10-16 05:00:00,2026-10-16 13:20:00,2026-10-16,15,8.3333,4.583,4,1,1,MAN-AMS-MAN-DUB-MAN,Early
D20261016-MAN-A320-05,MAN,A320,2026-10-16 11:30:00,2026-10-16 19:55:00,2026-10-16,15,8.4167,4.667,4,1,1,MAN-DUB-MAN-AMS-MAN,Mid
D20261016-MAN-A320-06,MAN,A320,2026-10-16 14:30:00,2026-10-16 22:20:00,2026-10-16,15,7.8333,4.083,4,1,1,MAN-BRU-MAN-DUB-MAN,Late
D20261016-MAN-A320-07,MAN,A320,2026-10-16 05:15:00,2026-10-16 13:50:00,2026-10-16,15,8.5833,4.833,4,1,1,MAN-CDG-MAN-DUB-MAN,Early
D20261016-MAN-B737-01,MAN,B737,2026-10-16 06:15:00,2026-10-16 15:25:00,2026-10-16,15,9.1667,5.417,4,1,1,MAN-BRU-MAN-CDG-MAN,Early
D20261016-MAN-B737-02,MAN,B737,2026-10-16 11:00:00,2026-10-16 18:40:00,2026-10-16,15,7.6667,3.917,4,1,1,MAN-BRU-MAN-DUB-MAN,Mid
D20261016-MAN-B737-03,MAN,B737,2026-10-16 15:30:00,2026-10-17 00:20:00,2026-10-16,15,8.8333,5.083,4,1,1,MAN-CDG-MAN-BRU-MAN,Late
D20261016-MAN-B737-04,MAN,B737,2026-10-16 05:30:00,2026-10-16 14:55:00,2026-10-16,15,9.4167,5.667,4,1,1,MAN-CDG-MAN-CDG-MAN,Early
D20261016-MAN-B737-05,MAN,B737,2026-10-16 10:30:00,2026-10-16 18:10:00,2026-10-16,15,7.6667,3.917,4,1,1,MAN-DUB-MAN-DUB-MAN,Mid
D20261017-BHX-A320-01,BHX,A320,2026-10-17 05:45:00,2026-10-17 13:30:00,2026-10-17,16,7.75,5.5,2,1,1,BHX-FAO-BHX,Early
D20261017-BHX-A320-02,BHX,A320,2026-10-17 11:15:00,2026-10-17 18:05:00,2026-10-17,16,6.8333,4.583,2,1,1,BHX-BCN-BHX,Mid
D20261017-BHX-A320-03,BHX,A320,2026-10-17 15:15:00,2026-10-18 00:00:00,2026-10-17,16,8.75,5.0,4,1,1,BHX-CDG-BHX-DUB-BHX,Late
D20261017-BHX-A320-04,BHX,A320,2026-10-17 05:00:00,2026-10-17 13:30:00,2026-10-17,16,8.5,4.75,4,1,1,BHX-AMS-BHX-BRU-BHX,Early
D20261017-BHX-E190-01,BHX,E190,2026-10-17 06:00:00,2026-10-17 14:55:00,2026-10-17,16,8.9167,5.167,4,1,1,BHX-BRU-BHX-CDG-BHX,Early
D20261017-BHX-E190-02,BHX,E190,2026-10-17 11:00:00,2026-10-17 19:45:00,2026-10-17,16,8.75,5.0,4,1,1,BHX-AMS-BHX-BRU-BHX,Mid
D20261017-BHX-E190-03,BHX,E190,2026-10-17 14:45:00,2026-10-17 22:50:00,2026-10-17,16,8.0833,4.333,4,1,1,BHX-BRU-BHX-DUB-BHX,Late
D20261017-EDI-A320-01,EDI,A320,2026-10-17 05:15:00,2026-10-17 14:40:00,2026-10-17,16,9.4167,5.667,4,1,1,EDI-CDG-EDI-AMS-EDI,Early
D20261017-EDI-A320-02,EDI,A320,2026-10-17 10:15:00,2026-10-17 18:50:00,2026-10-17,16,8.5833,4.833,4,1,1,EDI-CDG-EDI-BRU-EDI,Mid
D20261017-EDI-A320-03,EDI,A320,2026-10-17 15:00:00,2026-10-18 00:05:00,2026-10-17,16,9.0833,5.333,4,1,1,EDI-CDG-EDI-AMS-EDI,Late
D20261017-EDI-B737-01,EDI,B737,2026-10-17 05:45:00,2026-10-17 14:55:00,2026-10-17,16,9.1667,5.417,4,1,1,EDI-CDG-EDI-CDG-EDI,Early
D20261017-EDI-B737-02,EDI,B737,2026-10-17 10:30:00,2026-10-17 17:40:00,2026-10-17,16,7.1667,4.917,2,1,1,EDI-ALC-EDI,Mid
D20261017-EDI-B737-03,EDI,B737,2026-10-17 15:15:00,2026-10-17 23:55:00,2026-10-17,16,8.6667,4.917,4,1,1,EDI-CDG-EDI-DUB-EDI,Late
D20261017-MAN-A320-01,MAN,A320,2026-10-17 06:30:00,2026-10-17 14:55:00,2026-10-17,16,8.4167,4.667,4,1,1,MAN-DUB-MAN-BRU-MAN,Early
D20261017-MAN-A320-02,MAN,A320,2026-10-17 10:00:00,2026-10-17 18:45:00,2026-10-17,16,8.75,5.0,4,1,1,MAN-BRU-MAN-AMS-MAN,Mid
D20261017-MAN-A320-03,MAN,A320,2026-10-17 15:15:00,2026-10-17 23:50:00,2026-10-17,16,8.5833,4.833,4,1,1,MAN-BRU-MAN-CDG-MAN,Late
D20261017-MAN-A320-04,MAN,A320,2026-10-17 06:00:00,2026-10-17 15:10:00,2026-10-17,16,9.1667,5.417,4,1,1,MAN-AMS-MAN-CDG-MAN,Early
D20261017-MAN-A320-05,MAN,A320,2026-10-17 10:15:00,2026-10-17 16:45:00,2026-10-17,16,6.5,4.25,2,1,1,MAN-BCN-MAN,Mid
D20261017-MAN-A320-06,MAN,A320,2026-10-17 14:30:00,2026-10-17 21:15:00,2026-10-17,16,6.75,4.5,2,1,1,MAN-PMI-MAN,Late
D20261017-MAN-B737-01,MAN,B737,2026-10-17 06:30:00,2026-10-17 16:50:00,2026-10-17,16,10.3333,8.083,2,1,1,MAN-TFS-MAN,Early
D20261017-MAN-B737-02,MAN,B737,2026-10-17 11:15:00,2026-10-17 19:15:00,2026-10-17,16,8.0,4.25,4,1,1,MAN-BRU-MAN-DUB-MAN,Mid
D20261017-MAN-B737-03,MAN,B737,2026-10-17 15:45:00,2026-10-17 22:55:00,2026-10-17,16,7.1667,4.917,2,1,1,MAN-PMI-MAN,Late
D20261017-MAN-B737-04,MAN,B737,2026-10-17 06:00:00,2026-10-17 12:50:00,2026-10-17,16,6.8333,4.583,2,1,1,MAN-PMI-MAN,Early
D20261018-BHX-A320-01,BHX,A320,2026-10-18 06:00:00,2026-10-18 15:05:00,2026-10-18,17,9.0833,5.333,4,1,1,BHX-CDG-BHX-BRU-BHX,Early
D20261018-BHX-A320-02,BHX,A320,2026-10-18 11:30:00,2026-10-18 18:00:00,2026-10-18,17,6.5,4.25,2,1,1,BHX-PRG-BHX,Mid
D20261018-BHX-A320-03,BHX,A320,2026-10-18 15:15:00,2026-10-18 23:00:00,2026-10-18,17,7.75,5.5,2,1,1,BHX-FAO-BHX,Late
D20261018-BHX-A320-04,BHX,A320,2026-10-18 05:15:00,2026-10-18 13:50:00,2026-10-18,17,8.5833,4.833,4,1,1,BHX-BRU-BHX-AMS-BHX,Early
D20261018-BHX-A320-05,BHX,A320,2026-10-18 10:00:00,2026-10-18 16:50:00,2026-10-18,17,6.8333,4.583,2,1,1,BHX-PMI-BHX,Mid
D20261018-BHX-E190-01,BHX,E190,2026-10-18 06:15:00,2026-10-18 15:20:00,2026-10-18,17,9.0833,5.333,4,1,1,BHX-AMS-BHX-CDG-BHX,Early
D20261018-BHX-E190-02,BHX,E190,2026-10-18 10:15:00,2026-10-18 19:30:00,2026-10-18,17,9.25,5.5,4,1,1,BHX-AMS-BHX-CDG-BHX,Mid
D20261018-BHX-E190-03,BHX,E190,2026-10-18 15:15:00,2026-10-19 00:05:00,2026-10-18,17,8.8333,5.083,4,1,1,BHX-AMS-BHX-CDG-BHX,Late
D20261018-BHX-E190-04,BHX,E190,2026-10-18 05:30:00,2026-10-18 13:55:00,2026-10-18,17,8.4167,4.667,4,1,1,BHX-BRU-BHX-BRU-BHX,Early
D20261018-EDI-A320-01,EDI,A320,2026-10-18 06:15:00,2026-10-18 12:45:00,2026-10-18,17,6.5,4.25,2,1,1,EDI-BCN-EDI,Early
D20261018-EDI-A320-02,EDI,A320,2026-10-18 10:30:00,2026-10-18 19:40:00,2026-10-18,17,9.1667,5.417,4,1,1,EDI-AMS-EDI-CDG-EDI,Mid
D20261018-EDI-A320-03,EDI,A320,2026-10-18 14:45:00,2026-10-18 23:35:00,2026-10-18,17,8.8333,5.083,4,1,1,EDI-CDG-EDI-BRU-EDI,Late
D20261018-EDI-A320-04,EDI,A320,2026-10-18 05:00:00,2026-10-18 12:25:00,2026-10-18,17,7.4167,5.167,2,1,1,EDI-KRK-EDI,Early
D20261018-EDI-B737-01,EDI,B737,2026-10-18 06:30:00,2026-10-18 15:05:00,2026-10-18,17,8.5833,4.833,4,1,1,EDI-BRU-EDI-AMS-EDI,Early
D20261018-EDI-B737-02,EDI,B737,2026-10-18 10:00:00,2026-10-18 18:55:00,2026-10-18,17,8.9167,5.167,4,1,1,EDI-AMS-EDI-CDG-EDI,Mid
D20261018-EDI-B737-03,EDI,B737,2026-10-18 14:30:00,2026-10-18 23:10:00,2026-10-18,17,8.6667,4.917,4,1,1,EDI-BRU-EDI-AMS-EDI,Late
D20261018-EDI-B737-04,EDI,B737,2026-10-18 05:15:00,2026-10-18 12:55:00,2026-10-18,17,7.6667,3.917,4,1,1,EDI-DUB-EDI-DUB-EDI,Early
D20261018-MAN-A320-01,MAN,A320,2026-10-18 06:00:00,2026-10-18 14:40:00,2026-10-18,17,8.6667,4.917,4,1,1,MAN-DUB-MAN-CDG-MAN,Early
D20261018-MAN-A320-02,MAN,A320,2026-10-18 11:30:00,2026-10-18 18:00:00,2026-10-18,17,6.5,4.25,2,1,1,MAN-BCN-MAN,Mid
D20261018-MAN-A320-04,MAN,A320,2026-10-18 06:30:00,2026-10-18 15:05:00,2026-10-18,17,8.5833,4.833,4,1,1,MAN-BRU-MAN-CDG-MAN,Early
D20261018-MAN-A320-05,MAN,A320,2026-10-18 10:00:00,2026-10-18 18:25:00,2026-10-18,17,8.4167,4.667,4,1,1,MAN-BRU-MAN-AMS-MAN,Mid
D20261018-MAN-A320-06,MAN,A320,2026-10-18 16:00:00,2026-10-18 22:25:00,2026-10-18,17,6.4167,4.167,2,1,1,MAN-PRG-MAN,Late
D20261018-MAN-A320-07,MAN,A320,2026-10-18 05:45:00,2026-10-18 14:10:00,2026-10-18,17,8.4167,4.667,4,1,1,MAN-BRU-MAN-AMS-MAN,Early
D20261018-MAN-B737-01,MAN,B737,2026-10-18 05:15:00,2026-10-18 14:45:00,2026-10-18,17,9.5,5.75,4,1,1,MAN-CDG-MAN-CDG-MAN,Early
D20261018-MAN-B737-02,MAN,B737,2026-10-18 10:00:00,2026-10-18 18:35:00,2026-10-18,17,8.5833,4.833,4,1,1,MAN-DUB-MAN-CDG-MAN,Mid
D20261018-MAN-B737-03,MAN,B737,2026-10-18 15:15:00,2026-10-18 22:00:00,2026-10-18,17,6.75,4.5,2,1,1,MAN-BCN-MAN,Late
D20261018-MAN-B737-04,MAN,B737,2026-10-18 05:00:00,2026-10-18 14:15:00,2026-10-18,17,9.25,5.5,4,1,1,MAN-CDG-MAN-BRU-MAN,Early
D20261018-MAN-B737-05,MAN,B737,2026-10-18 11:30:00,2026-10-18 18:35:00,2026-10-18,17,7.0833,4.833,2,1,1,MAN-KRK-MAN,Mid
D20261019-BHX-A320-01,BHX,A320,2026-10-19 06:00:00,2026-10-19 15:15:00,2026-10-19,18,9.25,5.5,4,1,1,BHX-CDG-BHX-CDG-BHX,Early
D20261019-BHX-A320-02,BHX,A320,2026-10-19 10:15:00,2026-10-19 16:55:00,2026-10-19,18,6.6667,4.417,2,1,1,BHX-PRG-BHX,Mid
D20261019-BHX-A320-03,BHX,A320,2026-10-19 14:30:00,2026-10-19 21:00:00,2026-10-19,18,6.5,4.25,2,1,1,BHX-BCN-BHX,Late
D20261019-BHX-A320-04,BHX,A320,2026-10-19 05:15:00,2026-10-19 12:45:00,2026-10-19,18,7.5,5.25,2,1,1,BHX-FCO-BHX,Early
D20261019-BHX-E190-01,BHX,E190,2026-10-19 06:30:00,2026-10-19 15:00:00,2026-10-19,18,8.5,4.75,4,1,1,BHX-DUB-BHX-CDG-BHX,Early
D20261019-BHX-E190-02,BHX,E190,2026-10-19 11:30:00,2026-10-19 19:15:00,2026-10-19,18,7.75,4.0,4,1,1,BHX-DUB-BHX-BRU-BHX,Mid
D20261019-BHX-E190-03,BHX,E190,2026-10-19 15:30:00,2026-10-19 23:55:00,2026-10-19,18,8.4167,4.667,4,1,1,BHX-DUB-BHX-CDG-BHX,Late
D20261019-EDI-A320-01,EDI,A320,2026-10-19 05:30:00,2026-10-19 15:50:00,2026-10-19,18,10.3333,8.083,2,1,1,EDI-TFS-EDI,Early
D20261019-EDI-A320-02,EDI,A320,2026-10-19 11:00:00,2026-10-19 20:25:00,2026-10-19,18,9.4167,5.667,4,1,1,EDI-AMS-EDI-CDG-EDI,Mid
D20261019-EDI-A320-03,EDI,A320,2026-10-19 15:45:00,2026-10-20 00:10:00,2026-10-19,18,8.4167,4.667,4,1,1,EDI-AMS-EDI-AMS-EDI,Late
D20261019-EDI-B737-01,EDI,B737,2026-10-19 06:30:00,2026-10-19 14:40:00,2026-10-19,18,8.1667,4.417,4,1,1,EDI-DUB-EDI-BRU-EDI,Early
D20261019-EDI-B737-02,EDI,B737,2026-10-19 10:00:00,2026-10-19 17:25:00,2026-10-19,18,7.4167,5.167,2,1,1,EDI-ALC-EDI,Mid
D20261019-EDI-B737-03,EDI,B737,2026-10-19 14:45:00,2026-10-19 22:55:00,2026-10-19,18,8.1667,4.417,4,1,1,EDI-DUB-EDI-DUB-EDI,Late
D20261019-MAN-A320-01,MAN,A320,2026-10-19 06:30:00,2026-10-19 13:50:00,2026-10-19,18,7.3333,5.083,2,1,1,MAN-KRK-MAN,Early
D20261019-MAN-A320-02,MAN,A320,2026-10-19 10:45:00,2026-10-19 18:20:00,2026-10-19,18,7.5833,5.333,2,1,1,MAN-FAO-MAN,Mid
D20261019-MAN-A320-03,MAN,A320,2026-10-19 15:30:00,2026-10-19 21:50:00,2026-10-19,18,6.3333,4.083,2,1,1,MAN-PRG-MAN,Late
D20261019-MAN-A320-04,MAN,A320,2026-10-19 05:15:00,2026-10-19 14:05:00,2026-10-19,18,8.8333,5.083,4,1,1,MAN-AMS-MAN-BRU-MAN,Early
D20261019-MAN-A320-05,MAN,A320,2026-10-19 10:00:00,2026-10-19 17:55:00,2026-10-19,18,7.9167,5.667,2,1,1,MAN-FAO-MAN,Mid
D20261019-MAN-A320-06,MAN,A320,2026-10-19 14:30:00,2026-10-19 22:05:00,2026-10-19,18,7.5833,5.333,2,1,1,MAN-FAO-MAN,Late
D20261019-MAN-B737-01,MAN,B737,2026-10-19 05:00:00,2026-10-19 11:50:00,2026-10-19,18,6.8333,4.583,2,1,1,MAN-PMI-MAN,Early
D20261019-MAN-B737-02,MAN,B737,2026-10-19 11:15:00,2026-10-19 22:00:00,2026-10-19,18,10.75,8.5,2,1,1,MAN-TFS-MAN,Mid
D20261019-MAN-B737-03,MAN,B737,2026-10-19 16:00:00,2026-10-20 00:45:00,2026-10-19,18,8.75,5.0,4,1,1,MAN-BRU-MAN-AMS-MAN,Late
D20261019-MAN-B737-04,MAN,B737,2026-10-19 05:00:00,2026-10-19 13:00:00,2026-10-19,18,8.0,4.25,4,1,1,MAN-DUB-MAN-BRU-MAN,Early
D20261020-BHX-A320-01,BHX,A320,2026-10-20 05:15:00,2026-10-20 11:40:00,2026-10-20,19,6.4167,4.167,2,1,1,BHX-PRG-BHX,Early
D20261020-BHX-A320-02,BHX,A320,2026-10-20 10:00:00,2026-10-20 17:15:00,2026-10-20,19,7.25,5.0,2,1,1,BHX-ALC-BHX,Mid
D20261020-BHX-A320-03,BHX,A320,2026-10-20 15:00:00,2026-10-20 23:10:00,2026-10-20,19,8.1667,4.417,4,1,1,BHX-DUB-BHX-BRU-BHX,Late
D20261020-BHX-E190-01,BHX,E190,2026-10-20 06:15:00,2026-10-20 15:10:00,2026-10-20,19,8.9167,5.167,4,1,1,BHX-CDG-BHX-AMS-BHX,Early
D20261020-BHX-E190-02,BHX,E190,2026-10-20 10:45:00,2026-10-20 19:15:00,2026-10-20,19,8.5,4.75,4,1,1,BHX-DUB-BHX-AMS-BHX,Mid
D20261020-EDI-A320-01,EDI,A320,2026-10-20 05:45:00,2026-10-20 14:15:00,2026-10-20,19,8.5,4.75,4,1,1,EDI-AMS-EDI-BRU-EDI,Early
D20261020-EDI-A320-02,EDI,A320,2026-10-20 10:00:00,2026-10-20 18:35:00,2026-10-20,19,8.5833,4.833,4,1,1,EDI-AMS-EDI-BRU-EDI,Mid
D20261020-EDI-B737-01,EDI,B737,2026-10-20 05:45:00,2026-10-20 13:10:00,2026-10-20,19,7.4167,5.167,2,1,1,EDI-ALC-EDI,Early
D20261020-EDI-B737-02,EDI,B737,2026-10-20 10:15:00,2026-10-20 18:50:00,2026-10-20,19,8.5833,4.833,4,1,1,EDI-DUB-EDI-CDG-EDI,Mid
D20261020-MAN-A320-01,MAN,A320,2026-10-20 05:30:00,2026-10-20 11:55:00,2026-10-20,19,6.4167,4.167,2,1,1,MAN-PRG-MAN,Early
D20261020-MAN-A320-02,MAN,A320,2026-10-20 11:15:00,2026-10-20 19:00:00,2026-10-20,19,7.75,4.0,4,1,1,MAN-DUB-MAN-DUB-MAN,Mid
D20261020-MAN-A320-03,MAN,A320,2026-10-20 15:00:00,2026-10-20 23:30:00,2026-10-20,19,8.5,4.75,4,1,1,MAN-CDG-MAN-BRU-MAN,Late
D20261020-MAN-A320-04,MAN,A320,2026-10-20 06:30:00,2026-10-20 14:20:00,2026-10-20,19,7.8333,4.083,4,1,1,MAN-DUB-MAN-AMS-MAN,Early
D20261020-MAN-A320-05,MAN,A320,2026-10-20 10:30:00,2026-10-20 19:10:00,2026-10-20,19,8.6667,4.917,4,1,1,MAN-AMS-MAN-CDG-MAN,Mid
D20261020-MAN-B737-01,MAN,B737,2026-10-20 06:15:00,2026-10-20 12:50:00,2026-10-20,19,6.5833,4.333,2,1,1,MAN-BCN-MAN,Early
D20261020-MAN-B737-02,MAN,B737,2026-10-20 10:15:00,2026-10-20 17:40:00,2026-10-20,19,7.4167,5.167,2,1,1,MAN-ALC-MAN,Mid
D20261020-MAN-B737-03,MAN,B737,2026-10-20 14:30:00,2026-10-20 23:00:00,2026-10-20,19,8.5,4.75,4,1,1,MAN-BRU-MAN-AMS-MAN,Late
D20261021-BHX-A320-01,BHX,A320,2026-10-21 06:30:00,2026-10-21 14:10:00,2026-10-21,20,7.6667,5.417,2,1,1,BHX-FCO-BHX,Early
D20261021-BHX-A320-02,BHX,A320,2026-10-21 11:15:00,2026-10-21 17:30:00,2026-10-21,20,6.25,4.0,2,1,1,BHX-PRG-BHX,Mid
D20261021-BHX-A320-03,BHX,A320,2026-10-21 14:45:00,2026-10-22 00:25:00,2026-10-21,20,9.6667,5.917,4,1,1,BHX-CDG-BHX-CDG-BHX,Late
D20261021-BHX-A320-04,BHX,A320,2026-10-21 06:00:00,2026-10-21 14:40:00,2026-10-21,20,8.6667,4.917,4,1,1,BHX-AMS-BHX-AMS-BHX,Early
D20261021-BHX-E190-01,BHX,E190,2026-10-21 05:00:00,2026-10-21 13:30:00,2026-10-21,20,8.5,4.75,4,1,1,BHX-CDG-BHX-DUB-BHX,Early
D20261021-BHX-E190-02,BHX,E190,2026-10-21 11:15:00,2026-10-21 19:55:00,2026-10-21,20,8.6667,4.917,4,1,1,BHX-DUB-BHX-CDG-BHX,Mid
D20261021-BHX-E190-03,BHX,E190,2026-10-21 14:45:00,2026-10-21 22:30:00,2026-10-21,20,7.75,4.0,4,1,1,BHX-DUB-BHX-BRU-BHX,Late
D20261021-EDI-A320-01,EDI,A320,2026-10-21 05:30:00,2026-10-21 13:40:00,2026-10-21,20,8.1667,4.417,4,1,1,EDI-DUB-EDI-DUB-EDI,Early
D20261021-EDI-A320-02,EDI,A320,2026-10-21 10:45:00,2026-10-21 19:40:00,2026-10-21,20,8.9167,5.167,4,1,1,EDI-BRU-EDI-CDG-EDI,Mid
D20261021-EDI-A320-03,EDI,A320,2026-10-21 15:45:00,2026-10-22 02:15:00,2026-10-21,20,10.5,8.25,2,1,1,EDI-TFS-EDI,Late
D20261021-EDI-B737-01,EDI,B737,2026-10-21 05:30:00,2026-10-21 12:45:00,2026-10-21,20,7.25,5.0,2,1,1,EDI-KRK-EDI,Early
D20261021-EDI-B737-02,EDI,B737,2026-10-21 10:15:00,2026-10-21 18:30:00,2026-10-21,20,8.25,4.5,4,1,1,EDI-AMS-EDI-DUB-EDI,Mid
D20261021-EDI-B737-03,EDI,B737,2026-10-21 15:30:00,2026-10-22 00:15:00,2026-10-21,20,8.75,5.0,4,1,1,EDI-DUB-EDI-CDG-EDI,Late
D20261021-MAN-A320-01,MAN,A320,2026-10-21 06:00:00,2026-10-21 13:30:00,2026-10-21,20,7.5,5.25,2,1,1,MAN-FAO-MAN,Early
D20261021-MAN-A320-02,MAN,A320,2026-10-21 11:00:00,2026-10-21 18:15:00,2026-10-21,20,7.25,5.0,2,1,1,MAN-KRK-MAN,Mid
D20261021-MAN-A320-03,MAN,A320,2026-10-21 15:30:00,2026-10-21 22:45:00,2026-10-21,20,7.25,5.0,2,1,1,MAN-ALC-MAN,Late
D20261021-MAN-A320-04,MAN,A320,2026-10-21 06:15:00,2026-10-21 13:05:00,2026-10-21,20,6.8333,4.583,2,1,1,MAN-BCN-MAN,Early
D20261021-MAN-A320-05,MAN,A320,2026-10-21 11:00:00,2026-10-21 20:05:00,2026-10-21,20,9.0833,5.333,4,1,1,MAN-CDG-MAN-BRU-MAN,Mid
D20261021-MAN-A320-06,MAN,A320,2026-10-21 15:00:00,2026-10-21 23:00:00,2026-10-21,20,8.0,4.25,4,1,1,MAN-BRU-MAN-DUB-MAN,Late
D20261021-MAN-B737-01,MAN,B737,2026-10-21 05:15:00,2026-10-21 13:45:00,2026-10-21,20,8.5,4.75,4,1,1,MAN-CDG-MAN-BRU-MAN,Early
D20261021-MAN-B737-02,MAN,B737,2026-10-21 10:00:00,2026-10-21 16:30:00,2026-10-21,20,6.5,4.25,2,1,1,MAN-BCN-MAN,Mid
D20261021-MAN-B737-03,MAN,B737,2026-10-21 16:00:00,2026-10-21 23:10:00,2026-10-21,20,7.1667,4.917,2,1,1,MAN-PMI-MAN,Late
D20261021-MAN-B737-04,MAN,B737,2026-10-21 05:30:00,2026-10-21 12:35:00,2026-10-21,20,7.0833,4.833,2,1,1,MAN-PMI-MAN,Early
D20261022-BHX-A320-01,BHX,A320,2026-10-22 05:30:00,2026-10-22 12:15:00,2026-10-22,21,6.75,4.5,2,1,1,BHX-BCN-BHX,Early
D20261022-BHX-A320-02,BHX,A320,2026-10-22 11:30:00,2026-10-22 20:00:00,2026-10-22,21,8.5,4.75,4,1,1,BHX-AMS-BHX-DUB-BHX,Mid
D20261022-BHX-A320-03,BHX,A320,2026-10-22 14:45:00,2026-10-22 23:20:00,2026-10-22,21,8.5833,4.833,4,1,1,BHX-AMS-BHX-DUB-BHX,Late
D20261022-BHX-A320-04,BHX,A320,2026-10-22 06:15:00,2026-10-22 13:30:00,2026-10-22,21,7.25,5.0,2,1,1,BHX-KRK-BHX,Early
D20261022-BHX-E190-01,BHX,E190,2026-10-22 06:30:00,2026-10-22 14:05:00,2026-10-22,21,7.5833,3.833,4,1,1,BHX-DUB-BHX-DUB-BHX,Early
D20261022-BHX-E190-02,BHX,E190,2026-10-22 10:45:00,2026-10-22 19:05:00,2026-10-22,21,8.3333,4.583,4,1,1,BHX-DUB-BHX-CDG-BHX,Mid
D20261022-BHX-E190-03,BHX,E190,2026-10-22 14:30:00,2026-10-22 22:45:00,2026-10-22,21,8.25,4.5,4,1,1,BHX-DUB-BHX-DUB-BHX,Late
D20261022-EDI-A320-01,EDI,A320,2026-10-22 05:30:00,2026-10-22 16:05:00,2026-10-22,21,10.5833,8.333,2,1,1,EDI-TFS-EDI,Early
D20261022-EDI-A320-02,EDI,A320,2026-10-22 10:15:00,2026-10-22 17:15:00,2026-10-22,21,7.0,4.75,2,1,1,EDI-PMI-EDI,Mid
D20261022-EDI-A320-03,EDI,A320,2026-10-22 15:15:00,2026-10-22 22:45:00,2026-10-22,21,7.5,5.25,2,1,1,EDI-FCO-EDI,Late
D20261022-EDI-B737-01,EDI,B737,2026-10-22 05:45:00,2026-10-22 13:50:00,2026-10-22,21,8.0833,4.333,4,1,1,EDI-BRU-EDI-DUB-EDI,Early
D20261022-EDI-B737-02,EDI,B737,2026-10-22 11:30:00,2026-10-22 19:55:00,2026-10-22,21,8.4167,4.667,4,1,1,EDI-DUB-EDI-AMS-EDI,Mid
D20261022-EDI-B737-03,EDI,B737,2026-10-22 15:00:00,2026-10-22 23:25:00,2026-10-22,21,8.4167,4.667,4,1,1,EDI-DUB-EDI-AMS-EDI,Late
D20261022-MAN-A320-01,MAN,A320,2026-10-22 05:00:00,2026-10-22 12:15:00,2026-10-22,21,7.25,5.0,2,1,1,MAN-ALC-MAN,Early
D20261022-MAN-A320-02,MAN,A320,2026-10-22 11:15:00,2026-10-22 18:15:00,2026-10-22,21,7.0,4.75,2,1,1,MAN-KRK-MAN,Mid
D20261022-MAN-A320-03,MAN,A320,2026-10-22 15:15:00,2026-10-22 23:55:00,2026-10-22,21,8.6667,4.917,4,1,1,MAN-CDG-MAN-AMS-MAN,Late
D20261022-MAN-A320-04,MAN,A320,2026-10-22 06:15:00,2026-10-22 14:00:00,2026-10-22,21,7.75,4.0,4,1,1,MAN-AMS-MAN-DUB-MAN,Early
D20261022-MAN-A320-05,MAN,A320,2026-10-22 11:30:00,2026-10-22 19:25:00,2026-10-22,21,7.9167,5.667,2,1,1,MAN-FAO-MAN,Mid
D20261022-MAN-A320-06,MAN,A320,2026-10-22 15:00:00,2026-10-22 22:50:00,2026-10-22,21,7.8333,5.583,2,1,1,MAN-FAO-MAN,Late
D20261022-MAN-B737-01,MAN,B737,2026-10-22 05:30:00,2026-10-22 12:00:00,2026-10-22,21,6.5,4.25,2,1,1,MAN-BCN-MAN,Early
D20261022-MAN-B737-02,MAN,B737,2026-10-22 10:15:00,2026-10-22 18:25:00,2026-10-22,21,8.1667,4.417,4,1,1,MAN-DUB-MAN-AMS-MAN,Mid
D20261022-MAN-B737-03,MAN,B737,2026-10-22 15:30:00,2026-10-22 22:50:00,2026-10-22,21,7.3333,5.083,2,1,1,MAN-ALC-MAN,Late
D20261022-MAN-B737-04,MAN,B737,2026-10-22 06:30:00,2026-10-22 17:00:00,2026-10-22,21,10.5,8.25,2,1,1,MAN-TFS-MAN,Early
D20261023-BHX-A320-01,BHX,A320,2026-10-23 05:30:00,2026-10-23 13:35:00,2026-10-23,22,8.0833,4.333,4,1,1,BHX-BRU-BHX-BRU-BHX,Early
D20261023-BHX-A320-02,BHX,A320,2026-10-23 11:30:00,2026-10-23 20:50:00,2026-10-23,22,9.3333,5.583,4,1,1,BHX-CDG-BHX-BRU-BHX,Mid
D20261023-BHX-A320-03,BHX,A320,2026-10-23 15:00:00,2026-10-24 00:45:00,2026-10-23,22,9.75,6.0,4,1,1,BHX-CDG-BHX-CDG-BHX,Late
D20261023-BHX-A320-04,BHX,A320,2026-10-23 05:30:00,2026-10-23 14:55:00,2026-10-23,22,9.4167,5.667,4,1,1,BHX-AMS-BHX-CDG-BHX,Early
D20261023-BHX-A320-05,BHX,A320,2026-10-23 11:30:00,2026-10-23 19:50:00,2026-10-23,22,8.3333,4.583,4,1,1,BHX-AMS-BHX-BRU-BHX,Mid
D20261023-BHX-E190-01,BHX,E190,2026-10-23 06:30:00,2026-10-23 15:05:00,2026-10-23,22,8.5833,4.833,4,1,1,BHX-AMS-BHX-BRU-BHX,Early
D20261023-BHX-E190-02,BHX,E190,2026-10-23 10:45:00,2026-10-23 19:05:00,2026-10-23,22,8.3333,4.583,4,1,1,BHX-BRU-BHX-BRU-BHX,Mid
D20261023-BHX-E190-03,BHX,E190,2026-10-23 16:00:00,2026-10-24 00:50:00,2026-10-23,22,8.8333,5.083,4,1,1,BHX-DUB-BHX-CDG-BHX,Late
D20261023-BHX-E190-04,BHX,E190,2026-10-23 05:30:00,2026-10-23 14:10:00,2026-10-23,22,8.6667,4.917,4,1,1,BHX-CDG-BHX-DUB-BHX,Early
D20261023-EDI-A320-01,EDI,A320,2026-10-23 06:00:00,2026-10-23 15:10:00,2026-10-23,22,9.1667,5.417,4,1,1,EDI-CDG-EDI-AMS-EDI,Early
D20261023-EDI-A320-02,EDI,A320,2026-10-23 11:15:00,2026-10-23 19:05:00,2026-10-23,22,7.8333,4.083,4,1,1,EDI-BRU-EDI-DUB-EDI,Mid
D20261023-EDI-A320-03,EDI,A320,2026-10-23 16:00:00,2026-10-23 22:20:00,2026-10-23,22,6.3333,4.083,2,1,1,EDI-PRG-EDI,Late
D20261023-EDI-A320-04,EDI,A320,2026-10-23 05:45:00,2026-10-23 16:10:00,2026-10-23,22,10.4167,8.167,2,1,1,EDI-TFS-EDI,Early
D20261023-EDI-B737-01,EDI,B737,2026-10-23 05:15:00,2026-10-23 13:05:00,2026-10-23,22,7.8333,4.083,4,1,1,EDI-DUB-EDI-BRU-EDI,Early
D20261023-EDI-B737-02,EDI,B737,2026-10-23 11:15:00,2026-10-23 18:35:00,2026-10-23,22,7.3333,5.083,2,1,1,EDI-FCO-EDI,Mid
D20261023-EDI-B737-03,EDI,B737,2026-10-23 15:30:00,2026-10-23 23:45:00,2026-10-23,22,8.25,4.5,4,1,1,EDI-AMS-EDI-DUB-EDI,Late
D20261023-EDI-B737-04,EDI,B737,2026-10-23 06:00:00,2026-10-23 14:05:00,2026-10-23,22,8.0833,5.833,2,1,1,EDI-FAO-EDI,Early
D20261023-MAN-A320-01,MAN,A320,2026-10-23 06:00:00,2026-10-23 14:15:00,2026-10-23,22,8.25,4.5,4,1,1,MAN-DUB-MAN-AMS-MAN,Early
D20261023-MAN-A320-02,MAN,A320,2026-10-23 11:00:00,2026-10-23 19:15:00,2026-10-23,22,8.25,4.5,4,1,1,MAN-DUB-MAN-AMS-MAN,Mid
D20261023-MAN-A320-03,MAN,A320,2026-10-23 15:15:00,2026-10-23 22:50:00,2026-10-23,22,7.5833,5.333,2,1,1,MAN-FCO-MAN,Late
D20261023-MAN-A320-04,MAN,A320,2026-10-23 06:30:00,2026-10-23 14:10:00,2026-10-23,22,7.6667,5.417,2,1,1,MAN-FAO-MAN,Early
D20261023-MAN-A320-05,MAN,A320,2026-10-23 10:00:00,2026-10-23 20:30:00,2026-10-23,22,10.5,8.25,2,1,1,MAN-TFS-MAN,Mid
D20261023-MAN-A320-06,MAN,A320,2026-10-23 16:00:00,2026-10-23 23:35:00,2026-10-23,22,7.5833,5.333,2,1,1,MAN-FCO-MAN,Late
D20261023-MAN-A320-07,MAN,A320,2026-10-23 05:30:00,2026-10-23 13:25:00,2026-10-23,22,7.9167,4.167,4,1,1,MAN-DUB-MAN-BRU-MAN,Early
D20261023-MAN-B737-01,MAN,B737,2026-10-23 05:15:00,2026-10-23 13:50:00,2026-10-23,22,8.5833,4.833,4,1,1,MAN-AMS-MAN-AMS-MAN,Early
D20261023-MAN-B737-02,MAN,B737,2026-10-23 11:30:00,2026-10-23 20:25:00,2026-10-23,22,8.9167,5.167,4,1,1,MAN-CDG-MAN-AMS-MAN,Mid
D20261023-MAN-B737-03,MAN,B737,2026-10-23 16:00:00,2026-10-24 01:05:00,2026-10-23,22,9.0833,5.333,4,1,1,MAN-BRU-MAN-CDG-MAN,Late
D20261023-MAN-B737-04,MAN,B737,2026-10-23 05:30:00,2026-10-23 14:20:00,2026-10-23,22,8.8333,5.083,4,1,1,MAN-CDG-MAN-DUB-MAN,Early
D20261023-MAN-B737-05,MAN,B737,2026-10-23 11:00:00,2026-10-23 19:20:00,2026-10-23,22,8.3333,4.583,4,1,1,MAN-BRU-MAN-BRU-MAN,Mid
D20261024-BHX-A320-01,BHX,A320,2026-10-24 05:45:00,2026-10-24 12:00:00,2026-10-24,23,6.25,4.0,2,1,1,BHX-BCN-BHX,Early
D20261024-BHX-A320-02,BHX,A320,2026-10-24 10:00:00,2026-10-24 19:15:00,2026-10-24,23,9.25,5.5,4,1,1,BHX-CDG-BHX-AMS-BHX,Mid
D20261024-BHX-A320-03,BHX,A320,2026-10-24 15:00:00,2026-10-24 23:50:00,2026-10-24,23,8.8333,5.083,4,1,1,BHX-CDG-BHX-BRU-BHX,Late
D20261024-BHX-A320-04,BHX,A320,2026-10-24 06:30:00,2026-10-24 13:55:00,2026-10-24,23,7.4167,5.167,2,1,1,BHX-FCO-BHX,Early
D20261024-BHX-E190-01,BHX,E190,2026-10-24 06:30:00,2026-10-24 14:15:00,2026-10-24,23,7.75,4.0,4,1,1,BHX-DUB-BHX-DUB-BHX,Early
D20261024-BHX-E190-02,BHX,E190,2026-10-24 10:45:00,2026-10-24 18:30:00,2026-10-24,23,7.75,4.0,4,1,1,BHX-BRU-BHX-DUB-BHX,Mid
D20261024-BHX-E190-03,BHX,E190,2026-10-24 15:15:00,2026-10-25 00:25:00,2026-10-24,23,9.1667,5.417,4,1,1,BHX-BRU-BHX-CDG-BHX,Late
D20261024-EDI-A320-01,EDI,A320,2026-10-24 05:15:00,2026-10-24 12:05:00,2026-10-24,23,6.8333,4.583,2,1,1,EDI-BCN-EDI,Early
D20261024-EDI-A320-02,EDI,A320,2026-10-24 10:00:00,2026-10-24 20:45:00,2026-10-24,23,10.75,8.5,2,1,1,EDI-TFS-EDI,Mid
D20261024-EDI-A320-03,EDI,A320,2026-10-24 14:45:00,2026-10-24 23:20:00,2026-10-24,23,8.5833,4.833,4,1,1,EDI-BRU-EDI-DUB-EDI,Late
D20261024-EDI-B737-01,EDI,B737,2026-10-24 05:45:00,2026-10-24 14:05:00,2026-10-24,23,8.3333,4.583,4,1,1,EDI-DUB-EDI-CDG-EDI,Early
D20261024-EDI-B737-02,EDI,B737,2026-10-24 11:30:00,2026-10-24 20:10:00,2026-10-24,23,8.6667,4.917,4,1,1,EDI-AMS-EDI-BRU-EDI,Mid
D20261024-EDI-B737-03,EDI,B737,2026-10-24 15:45:00,2026-10-24 23:30:00,2026-10-24,23,7.75,5.5,2,1,1,EDI-FCO-EDI,Late
D20261024-MAN-A320-01,MAN,A320,2026-10-24 05:30:00,2026-10-24 14:40:00,2026-10-24,23,9.1667,5.417,4,1,1,MAN-CDG-MAN-BRU-MAN,Early
D20261024-MAN-A320-02,MAN,A320,2026-10-24 10:00:00,2026-10-24 16:40:00,2026-10-24,23,6.6667,4.417,2,1,1,MAN-PMI-MAN,Mid
D20261024-MAN-A320-03,MAN,A320,2026-10-24 15:30:00,2026-10-24 23:15:00,2026-10-24,23,7.75,5.5,2,1,1,MAN-FCO-MAN,Late
D20261024-MAN-A320-04,MAN,A320,2026-10-24 05:45:00,2026-10-24 13:35:00,2026-10-24,23,7.8333,4.083,4,1,1,MAN-BRU-MAN-DUB-MAN,Early
D20261024-MAN-A320-05,MAN,A320,2026-10-24 10:00:00,2026-10-24 19:20:00,2026-10-24,23,9.3333,5.583,4,1,1,MAN-CDG-MAN-CDG-MAN,Mid
D20261024-MAN-A320-06,MAN,A320,2026-10-24 15:45:00,2026-10-24 23:40:00,2026-10-24,23,7.9167,4.167,4,1,1,MAN-DUB-MAN-BRU-MAN,Late
D20261024-MAN-B737-01,MAN,B737,2026-10-24 06:15:00,2026-10-24 12:40:00,2026-10-24,23,6.4167,4.167,2,1,1,MAN-PRG-MAN,Early
D20261024-MAN-B737-02,MAN,B737,2026-10-24 10:30:00,2026-10-24 16:55:00,2026-10-24,23,6.4167,4.167,2,1,1,MAN-PRG-MAN,Mid
D20261024-MAN-B737-03,MAN,B737,2026-10-24 16:00:00,2026-10-24 23:10:00,2026-10-24,23,7.1667,4.917,2,1,1,MAN-ALC-MAN,Late
D20261024-MAN-B737-04,MAN,B737,2026-10-24 05:15:00,2026-10-24 16:05:00,2026-10-24,23,10.8333,8.583,2,1,1,MAN-TFS-MAN,Early
D20261025-BHX-A320-01,BHX,A320,2026-10-25 05:45:00,2026-10-25 12:15:00,2026-10-25,24,6.5,4.25,2,1,1,BHX-PRG-BHX,Early
D20261025-BHX-A320-02,BHX,A320,2026-10-25 11:15:00,2026-10-25 20:15:00,2026-10-25,24,9.0,5.25,4,1,1,BHX-AMS-BHX-CDG-BHX,Mid
D20261025-BHX-A320-03,BHX,A320,2026-10-25 15:30:00,2026-10-25 22:25:00,2026-10-25,24,6.9167,4.667,2,1,1,BHX-PMI-BHX,Late
D20261025-BHX-A320-04,BHX,A320,2026-10-25 06:30:00,2026-10-25 14:20:00,2026-10-25,24,7.8333,5.583,2,1,1,BHX-FAO-BHX,Early
D20261025-BHX-A320-05,BHX,A320,2026-10-25 10:30:00,2026-10-25 18:15:00,2026-10-25,24,7.75,5.5,2,1,1,BHX-FAO-BHX,Mid
D20261025-BHX-E190-01,BHX,E190,2026-10-25 06:15:00,2026-10-25 14:45:00,2026-10-25,24,8.5,4.75,4,1,1,BHX-AMS-BHX-BRU-BHX,Early
D20261025-BHX-E190-02,BHX,E190,2026-10-25 10:15:00,2026-10-25 19:15:00,2026-10-25,24,9.0,5.25,4,1,1,BHX-CDG-BHX-BRU-BHX,Mid
D20261025-BHX-E190-03,BHX,E190,2026-10-25 15:30:00,2026-10-26 00:30:00,2026-10-25,24,9.0,5.25,4,1,1,BHX-AMS-BHX-AMS-BHX,Late
D20261025-BHX-E190-04,BHX,E190,2026-10-25 05:15:00,2026-10-25 14:00:00,2026-10-25,24,8.75,5.0,4,1,1,BHX-AMS-BHX-BRU-BHX,Early
D20261025-EDI-A320-01,EDI,A320,2026-10-25 06:15:00,2026-10-25 15:00:00,2026-10-25,24,8.75,5.0,4,1,1,EDI-BRU-EDI-CDG-EDI,Early
D20261025-EDI-A320-02,EDI,A320,2026-10-25 11:15:00,2026-10-25 18:30:00,2026-10-25,24,7.25,5.0,2,1,1,EDI-KRK-EDI,Mid
D20261025-EDI-A320-03,EDI,A320,2026-10-25 15:00:00,2026-10-25 23:10:00,2026-10-25,24,8.1667,4.417,4,1,1,EDI-AMS-EDI-DUB-EDI,Late
D20261025-EDI-A320-04,EDI,A320,2026-10-25 06:30:00,2026-10-25 13:50:00,2026-10-25,24,7.3333,5.083,2,1,1,EDI-ALC-EDI,Early
D20261025-EDI-B737-01,EDI,B737,2026-10-25 05:15:00,2026-10-25 12:25:00,2026-10-25,24,7.1667,4.917,2,1,1,EDI-KRK-EDI,Early
D20261025-EDI-B737-02,EDI,B737,2026-10-25 10:45:00,2026-10-25 18:20:00,2026-10-25,24,7.5833,5.333,2,1,1,EDI-FCO-EDI,Mid
D20261025-EDI-B737-03,EDI,B737,2026-10-25 15:45:00,2026-10-26 02:35:00,2026-10-25,24,10.8333,8.583,2,1,1,EDI-TFS-EDI,Late
D20261025-EDI-B737-04,EDI,B737,2026-10-25 06:15:00,2026-10-25 14:55:00,2026-10-25,24,8.6667,4.917,4,1,1,EDI-BRU-EDI-AMS-EDI,Early
D20261025-MAN-A320-01,MAN,A320,2026-10-25 05:15:00,2026-10-25 13:10:00,2026-10-25,24,7.9167,4.167,4,1,1,MAN-DUB-MAN-DUB-MAN,Early
D20261025-MAN-A320-02,MAN,A320,2026-10-25 11:30:00,2026-10-25 21:55:00,2026-10-25,24,10.4167,8.167,2,1,1,MAN-TFS-MAN,Mid
D20261025-MAN-A320-03,MAN,A320,2026-10-25 15:00:00,2026-10-25 22:15:00,2026-10-25,24,7.25,5.0,2,1,1,MAN-ALC-MAN,Late
D20261025-MAN-A320-04,MAN,A320,2026-10-25 06:30:00,2026-10-25 17:05:00,2026-10-25,24,10.5833,8.333,2,1,1,MAN-TFS-MAN,Early
D20261025-MAN-A320-05,MAN,A320,2026-10-25 10:00:00,2026-10-25 18:40:00,2026-10-25,24,8.6667,4.917,4,1,1,MAN-CDG-MAN-BRU-MAN,Mid
D20261025-MAN-A320-06,MAN,A320,2026-10-25 15:15:00,2026-10-25 22:00:00,2026-10-25,24,6.75,4.5,2,1,1,MAN-BCN-MAN,Late
D20261025-MAN-A320-07,MAN,A320,2026-10-25 06:00:00,2026-10-25 14:55:00,2026-10-25,24,8.9167,5.167,4,1,1,MAN-AMS-MAN-CDG-MAN,Early
D20261025-MAN-B737-01,MAN,B737,2026-10-25 05:45:00,2026-10-25 16:20:00,2026-10-25,24,10.5833,8.333,2,1,1,MAN-TFS-MAN,Early
D20261025-MAN-B737-02,MAN,B737,2026-10-25 10:45:00,2026-10-25 17:45:00,2026-10-25,24,7.0,4.75,2,1,1,MAN-ALC-MAN,Mid
D20261025-MAN-B737-03,MAN,B737,2026-10-25 15:45:00,2026-10-25 23:55:00,2026-10-25,24,8.1667,4.417,4,1,1,MAN-BRU-MAN-BRU-MAN,Late
D20261025-MAN-B737-04,MAN,B737,2026-10-25 06:15:00,2026-10-25 14:35:00,2026-10-25,24,8.3333,4.583,4,1,1,MAN-CDG-MAN-DUB-MAN,Early
D20261025-MAN-B737-05,MAN,B737,2026-10-25 10:15:00,2026-10-25 17:25:00,2026-10-25,24,7.1667,4.917,2,1,1,MAN-ALC-MAN,Mid
D20261026-BHX-A320-01,BHX,A320,2026-10-26 05:30:00,2026-10-26 16:00:00,2026-10-26,25,10.5,8.25,2,1,1,BHX-TFS-BHX,Early
D20261026-BHX-A320-02,BHX,A320,2026-10-26 11:15:00,2026-10-26 17:45:00,2026-10-26,25,6.5,4.25,2,1,1,BHX-PRG-BHX,Mid
D20261026-BHX-A320-03,BHX,A320,2026-10-26 16:00:00,2026-10-26 22:35:00,2026-10-26,25,6.5833,4.333,2,1,1,BHX-BCN-BHX,Late
D20261026-BHX-A320-04,BHX,A320,2026-10-26 06:15:00,2026-10-26 15:05:00,2026-10-26,25,8.8333,5.083,4,1,1,BHX-CDG-BHX-DUB-BHX,Early
D20261026-BHX-E190-01,BHX,E190,2026-10-26 05:45:00,2026-10-26 13:35:00,2026-10-26,25,7.8333,4.083,4,1,1,BHX-DUB-BHX-AMS-BHX,Early
D20261026-BHX-E190-02,BHX,E190,2026-10-26 10:15:00,2026-10-26 18:10:00,2026-10-26,25,7.9167,4.167,4,1,1,BHX-BRU-BHX-DUB-BHX,Mid
D20261026-BHX-E190-03,BHX,E190,2026-10-26 15:45:00,2026-10-27 00:45:00,2026-10-26,25,9.0,5.25,4,1,1,BHX-CDG-BHX-CDG-BHX,Late
D20261026-EDI-A320-01,EDI,A320,2026-10-26 06:15:00,2026-10-26 13:55:00,2026-10-26,25,7.6667,3.917,4,1,1,EDI-DUB-EDI-DUB-EDI,Early
D20261026-EDI-A320-02,EDI,A320,2026-10-26 11:00:00,2026-10-26 21:40:00,2026-10-26,25,10.6667,8.417,2,1,1,EDI-TFS-EDI,Mid
D20261026-EDI-A320-03,EDI,A320,2026-10-26 14:30:00,2026-10-26 21:40:00,2026-10-26,25,7.1667,4.917,2,1,1,EDI-ALC-EDI,Late
D20261026-EDI-B737-01,EDI,B737,2026-10-26 06:30:00,2026-10-26 15:25:00,2026-10-26,25,8.9167,5.167,4,1,1,EDI-BRU-EDI-AMS-EDI,Early
D20261026-EDI-B737-02,EDI,B737,2026-10-26 11:15:00,2026-10-26 17:50:00,2026-10-26,25,6.5833,4.333,2,1,1,EDI-BCN-EDI,Mid
D20261026-EDI-B737-03,EDI,B737,2026-10-26 14:30:00,2026-10-26 22:25:00,2026-10-26,25,7.9167,5.667,2,1,1,EDI-FAO-EDI,Late
D20261026-MAN-A320-01,MAN,A320,2026-10-26 06:15:00,2026-10-26 13:05:00,2026-10-26,25,6.8333,4.583,2,1,1,MAN-PMI-MAN,Early
D20261026-MAN-A320-02,MAN,A320,2026-10-26 10:00:00,2026-10-26 17:10:00,2026-10-26,25,7.1667,4.917,2,1,1,MAN-KRK-MAN,Mid
D20261026-MAN-A320-03,MAN,A320,2026-10-26 15:00:00,2026-10-27 01:35:00,2026-10-26,25,10.5833,8.333,2,1,1,MAN-TFS-MAN,Late
D20261026-MAN-A320-04,MAN,A320,2026-10-26 05:15:00,2026-10-26 13:20:00,2026-10-26,25,8.0833,4.333,4,1,1,MAN-DUB-MAN-BRU-MAN,Early
D20261026-MAN-A320-05,MAN,A320,2026-10-26 10:30:00,2026-10-26 17:30:00,2026-10-26,25,7.0,4.75,2,1,1,MAN-PMI-MAN,Mid
D20261026-MAN-A320-06,MAN,A320,2026-10-26 14:45:00,2026-10-26 22:15:00,2026-10-26,25,7.5,5.25,2,1,1,MAN-FAO-MAN,Late
D20261026-MAN-B737-01,MAN,B737,2026-10-26 05:15:00,2026-10-26 13:45:00,2026-10-26,25,8.5,4.75,4,1,1,MAN-BRU-MAN-BRU-MAN,Early
D20261026-MAN-B737-02,MAN,B737,2026-10-26 11:00:00,2026-10-26 19:00:00,2026-10-26,25,8.0,4.25,4,1,1,MAN-DUB-MAN-DUB-MAN,Mid
D20261026-MAN-B737-03,MAN,B737,2026-10-26 15:30:00,2026-10-26 22:05:00,2026-10-26,25,6.5833,4.333,2,1,1,MAN-BCN-MAN,Late
D20261026-MAN-B737-04,MAN,B737,2026-10-26 06:30:00,2026-10-26 15:35:00,2026-10-26,25,9.0833,5.333,4,1,1,MAN-CDG-MAN-BRU-MAN,Early
D20261027-BHX-A320-01,BHX,A320,2026-10-27 05:45:00,2026-10-27 12:50:00,2026-10-27,26,7.0833,4.833,2,1,1,BHX-KRK-BHX,Early
D20261027-BHX-A320-02,BHX,A320,2026-10-27 11:15:00,2026-10-27 20:05:00,2026-10-27,26,8.8333,5.083,4,1,1,BHX-BRU-BHX-AMS-BHX,Mid
D20261027-BHX-A320-03,BHX,A320,2026-10-27 15:45:00,2026-10-27 22:30:00,2026-10-27,26,6.75,4.5,2,1,1,BHX-BCN-BHX,Late
D20261027-BHX-E190-01,BHX,E190,2026-10-27 06:30:00,2026-10-27 15:55:00,2026-10-27,26,9.4167,5.667,4,1,1,BHX-CDG-BHX-AMS-BHX,Early
D20261027-BHX-E190-02,BHX,E190,2026-10-27 10:45:00,2026-10-27 19:35:00,2026-10-27,26,8.8333,5.083,4,1,1,BHX-AMS-BHX-BRU-BHX,Mid
D20261027-EDI-A320-01,EDI,A320,2026-10-27 05:15:00,2026-10-27 11:40:00,2026-10-27,26,6.4167,4.167,2,1,1,EDI-PRG-EDI,Early
D20261027-EDI-A320-02,EDI,A320,2026-10-27 11:15:00,2026-10-27 18:10:00,2026-10-27,26,6.9167,4.667,2,1,1,EDI-PMI-EDI,Mid
D20261027-EDI-B737-01,EDI,B737,2026-10-27 05:15:00,2026-10-27 12:15:00,2026-10-27,26,7.0,4.75,2,1,1,EDI-PMI-EDI,Early
D20261027-EDI-B737-02,EDI,B737,2026-10-27 10:30:00,2026-10-27 20:55:00,2026-10-27,26,10.4167,8.167,2,1,1,EDI-TFS-EDI,Mid
D20261027-MAN-A320-01,MAN,A320,2026-10-27 05:30:00,2026-10-27 13:10:00,2026-10-27,26,7.6667,5.417,2,1,1,MAN-FCO-MAN,Early
D20261027-MAN-A320-02,MAN,A320,2026-10-27 11:30:00,2026-10-27 18:20:00,2026-10-27,26,6.8333,4.583,2,1,1,MAN-PMI-MAN,Mid
D20261027-MAN-A320-03,MAN,A320,2026-10-27 15:00:00,2026-10-27 22:00:00,2026-10-27,26,7.0,4.75,2,1,1,MAN-PMI-MAN,Late
D20261027-MAN-A320-04,MAN,A320,2026-10-27 05:00:00,2026-10-27 13:15:00,2026-10-27,26,8.25,4.5,4,1,1,MAN-CDG-MAN-DUB-MAN,Early
D20261027-MAN-A320-05,MAN,A320,2026-10-27 10:45:00,2026-10-27 19:05:00,2026-10-27,26,8.3333,4.583,4,1,1,MAN-BRU-MAN-AMS-MAN,Mid
D20261027-MAN-B737-01,MAN,B737,2026-10-27 05:15:00,2026-10-27 15:50:00,2026-10-27,26,10.5833,8.333,2,1,1,MAN-TFS-MAN,Early
D20261027-MAN-B737-02,MAN,B737,2026-10-27 11:15:00,2026-10-27 19:45:00,2026-10-27,26,8.5,4.75,4,1,1,MAN-BRU-MAN-BRU-MAN,Mid
D20261027-MAN-B737-03,MAN,B737,2026-10-27 15:45:00,2026-10-28 00:55:00,2026-10-27,26,9.1667,5.417,4,1,1,MAN-CDG-MAN-BRU-MAN,Late
D20261028-BHX-A320-01,BHX,A320,2026-10-28 06:00:00,2026-10-28 12:45:00,2026-10-28,27,6.75,4.5,2,1,1,BHX-PMI-BHX,Early
D20261028-BHX-A320-02,BHX,A320,2026-10-28 10:45:00,2026-10-28 18:55:00,2026-10-28,27,8.1667,4.417,4,1,1,BHX-DUB-BHX-BRU-BHX,Mid
D20261028-BHX-A320-03,BHX,A320,2026-10-28 15:15:00,2026-10-28 23:05:00,2026-10-28,27,7.8333,5.583,2,1,1,BHX-FAO-BHX,Late
D20261028-BHX-A320-04,BHX,A320,2026-10-28 06:30:00,2026-10-28 15:05:00,2026-10-28,27,8.5833,4.833,4,1,1,BHX-BRU-BHX-AMS-BHX,Early
D20261028-BHX-E190-01,BHX,E190,2026-10-28 05:15:00,2026-10-28 14:35:00,2026-10-28,27,9.3333,5.583,4,1,1,BHX-CDG-BHX-CDG-BHX,Early
D20261028-BHX-E190-02,BHX,E190,2026-10-28 11:15:00,2026-10-28 20:25:00,2026-10-28,27,9.1667,5.417,4,1,1,BHX-CDG-BHX-AMS-BHX,Mid
D20261028-BHX-E190-03,BHX,E190,2026-10-28 16:00:00,2026-10-28 23:45:00,2026-10-28,27,7.75,4.0,4,1,1,BHX-DUB-BHX-DUB-BHX,Late
D20261028-EDI-A320-01,EDI,A320,2026-10-28 06:30:00,2026-10-28 15:35:00,2026-10-28,27,9.0833,5.333,4,1,1,EDI-CDG-EDI-CDG-EDI,Early
D20261028-EDI-A320-02,EDI,A320,2026-10-28 11:30:00,2026-10-28 19:15:00,2026-10-28,27,7.75,5.5,2,1,1,EDI-FAO-EDI,Mid
D20261028-EDI-A320-03,EDI,A320,2026-10-28 16:00:00,2026-10-29 00:30:00,2026-10-28,27,8.5,4.75,4,1,1,EDI-DUB-EDI-CDG-EDI,Late
D20261028-EDI-B737-01,EDI,B737,2026-10-28 05:30:00,2026-10-28 14:30:00,2026-10-28,27,9.0,5.25,4,1,1,EDI-CDG-EDI-BRU-EDI,Early
D20261028-EDI-B737-02,EDI,B737,2026-10-28 10:00:00,2026-10-28 17:55:00,2026-10-28,27,7.9167,5.667,2,1,1,EDI-FAO-EDI,Mid
D20261028-EDI-B737-03,EDI,B737,2026-10-28 15:00:00,2026-10-28 21:25:00,2026-10-28,27,6.4167,4.167,2,1,1,EDI-PRG-EDI,Late
D20261028-MAN-A320-01,MAN,A320,2026-10-28 05:15:00,2026-10-28 12:35:00,2026-10-28,27,7.3333,5.083,2,1,1,MAN-ALC-MAN,Early
D20261028-MAN-A320-02,MAN,A320,2026-10-28 10:45:00,2026-10-28 21:20:00,2026-10-28,27,10.5833,8.333,2,1,1,MAN-TFS-MAN,Mid
D20261028-MAN-A320-03,MAN,A320,2026-10-28 15:45:00,2026-10-28 23:00:00,2026-10-28,27,7.25,5.0,2,1,1,MAN-KRK-MAN,Late
D20261028-MAN-A320-04,MAN,A320,2026-10-28 06:00:00,2026-10-28 15:30:00,2026-10-28,27,9.5,5.75,4,1,1,MAN-CDG-MAN-CDG-MAN,Early
D20261028-MAN-A320-05,MAN,A320,2026-10-28 10:45:00,2026-10-28 19:50:00,2026-10-28,27,9.0833,5.333,4,1,1,MAN-AMS-MAN-CDG-MAN,Mid
D20261028-MAN-A320-06,MAN,A320,2026-10-28 15:30:00,2026-10-28 22:20:00,2026-10-28,27,6.8333,4.583,2,1,1,MAN-PMI-MAN,Late
D20261028-MAN-B737-01,MAN,B737,2026-10-28 06:00:00,2026-10-28 14:30:00,2026-10-28,27,8.5,4.75,4,1,1,MAN-AMS-MAN-AMS-MAN,Early
D20261028-MAN-B737-02,MAN,B737,2026-10-28 10:15:00,2026-10-28 17:55:00,2026-10-28,27,7.6667,5.417,2,1,1,MAN-FCO-MAN,Mid
D20261028-MAN-B737-03,MAN,B737,2026-10-28 15:15:00,2026-10-28 22:15:00,2026-10-28,27,7.0,4.75,2,1,1,MAN-PMI-MAN,Late
D20261028-MAN-B737-04,MAN,B737,2026-10-28 05:15:00,2026-10-28 12:05:00,2026-10-28,27,6.8333,4.583,2,1,1,MAN-PMI-MAN,Early
D20261029-BHX-A320-01,BHX,A320,2026-10-29 06:30:00,2026-10-29 13:35:00,2026-10-29,28,7.0833,4.833,2,1,1,BHX-ALC-BHX,Early
D20261029-BHX-A320-02,BHX,A320,2026-10-29 11:00:00,2026-10-29 19:15:00,2026-10-29,28,8.25,4.5,4,1,1,BHX-AMS-BHX-DUB-BHX,Mid
D20261029-BHX-A320-03,BHX,A320,2026-10-29 15:00:00,2026-10-29 23:45:00,2026-10-29,28,8.75,5.0,4,1,1,BHX-BRU-BHX-CDG-BHX,Late
D20261029-BHX-A320-04,BHX,A320,2026-10-29 05:00:00,2026-10-29 12:35:00,2026-10-29,28,7.5833,5.333,2,1,1,BHX-FCO-BHX,Early
D20261029-BHX-E190-01,BHX,E190,2026-10-29 05:15:00,2026-10-29 14:25:00,2026-10-29,28,9.1667,5.417,4,1,1,BHX-AMS-BHX-CDG-BHX,Early
D20261029-BHX-E190-02,BHX,E190,2026-10-29 10:00:00,2026-10-29 17:45:00,2026-10-29,28,7.75,4.0,4,1,1,BHX-DUB-BHX-BRU-BHX,Mid
D20261029-BHX-E190-03,BHX,E190,2026-10-29 15:30:00,2026-10-30 00:45:00,2026-10-29,28,9.25,5.5,4,1,1,BHX-BRU-BHX-CDG-BHX,Late
D20261029-EDI-A320-01,EDI,A320,2026-10-29 06:30:00,2026-10-29 17:20:00,2026-10-29,28,10.8333,8.583,2,1,1,EDI-TFS-EDI,Early
D20261029-EDI-A320-02,EDI,A320,2026-10-29 10:45:00,2026-10-29 17:15:00,2026-10-29,28,6.5,4.25,2,1,1,EDI-PRG-EDI,Mid
D20261029-EDI-A320-03,EDI,A320,2026-10-29 14:45:00,2026-10-29 23:20:00,2026-10-29,28,8.5833,4.833,4,1,1,EDI-AMS-EDI-BRU-EDI,Late
D20261029-EDI-B737-01,EDI,B737,2026-10-29 05:30:00,2026-10-29 12:00:00,2026-10-29,28,6.5,4.25,2,1,1,EDI-PRG-EDI,Early
D20261029-EDI-B737-02,EDI,B737,2026-10-29 10:30:00,2026-10-29 17:20:00,2026-10-29,28,6.8333,4.583,2,1,1,EDI-PMI-EDI,Mid
D20261029-EDI-B737-03,EDI,B737,2026-10-29 15:30:00,2026-10-29 22:40:00,2026-10-29,28,7.1667,4.917,2,1,1,EDI-ALC-EDI,Late
D20261029-MAN-A320-01,MAN,A320,2026-10-29 05:30:00,2026-10-29 13:15:00,2026-10-29,28,7.75,5.5,2,1,1,MAN-FAO-MAN,Early
D20261029-MAN-A320-02,MAN,A320,2026-10-29 11:15:00,2026-10-29 18:35:00,2026-10-29,28,7.3333,5.083,2,1,1,MAN-ALC-MAN,Mid
D20261029-MAN-A320-03,MAN,A320,2026-10-29 15:15:00,2026-10-30 01:40:00,2026-10-29,28,10.4167,8.167,2,1,1,MAN-TFS-MAN,Late
D20261029-MAN-A320-04,MAN,A320,2026-10-29 05:30:00,2026-10-29 14:50:00,2026-10-29,28,9.3333,5.583,4,1,1,MAN-CDG-MAN-AMS-MAN,Early
D20261029-MAN-A320-05,MAN,A320,2026-10-29 11:15:00,2026-10-29 19:40:00,2026-10-29,28,8.4167,4.667,4,1,1,MAN-DUB-MAN-AMS-MAN,Mid
D20261029-MAN-A320-06,MAN,A320,2026-10-29 15:45:00,2026-10-30 00:35:00,2026-10-29,28,8.8333,5.083,4,1,1,MAN-AMS-MAN-CDG-MAN,Late
D20261029-MAN-B737-01,MAN,B737,2026-10-29 06:00:00,2026-10-29 12:15:00,2026-10-29,28,6.25,4.0,2,1,1,MAN-PRG-MAN,Early
D20261029-MAN-B737-02,MAN,B737,2026-10-29 11:00:00,2026-10-29 18:55:00,2026-10-29,28,7.9167,5.667,2,1,1,MAN-FAO-MAN,Mid
D20261029-MAN-B737-03,MAN,B737,2026-10-29 15:45:00,2026-10-29 22:35:00,2026-10-29,28,6.8333,4.583,2,1,1,MAN-BCN-MAN,Late
D20261029-MAN-B737-04,MAN,B737,2026-10-29 06:15:00,2026-10-29 12:50:00,2026-10-29,28,6.5833,4.333,2,1,1,MAN-BCN-MAN,Early
D20261030-BHX-A320-01,BHX,A320,2026-10-30 05:15:00,2026-10-30 12:00:00,2026-10-30,29,6.75,4.5,2,1,1,BHX-PMI-BHX,Early
D20261030-BHX-A320-02,BHX,A320,2026-10-30 10:45:00,2026-10-30 18:20:00,2026-10-30,29,7.5833,5.333,2,1,1,BHX-FCO-BHX,Mid
D20261030-BHX-A320-03,BHX,A320,2026-10-30 15:30:00,2026-10-30 23:40:00,2026-10-30,29,8.1667,4.417,4,1,1,BHX-DUB-BHX-CDG-BHX,Late
D20261030-BHX-A320-04,BHX,A320,2026-10-30 06:30:00,2026-10-30 15:20:00,2026-10-30,29,8.8333,5.083,4,1,1,BHX-CDG-BHX-BRU-BHX,Early
D20261030-BHX-A320-05,BHX,A320,2026-10-30 10:30:00,2026-10-30 16:55:00,2026-10-30,29,6.4167,4.167,2,1,1,BHX-PRG-BHX,Mid
D20261030-BHX-E190-01,BHX,E190,2026-10-30 06:00:00,2026-10-30 14:45:00,2026-10-30,29,8.75,5.0,4,1,1,BHX-AMS-BHX-AMS-BHX,Early
D20261030-BHX-E190-02,BHX,E190,2026-10-30 11:30:00,2026-10-30 20:00:00,2026-10-30,29,8.5,4.75,4,1,1,BHX-CDG-BHX-DUB-BHX,Mid
D20261030-BHX-E190-03,BHX,E190,2026-10-30 14:45:00,2026-10-30 23:40:00,2026-10-30,29,8.9167,5.167,4,1,1,BHX-BRU-BHX-CDG-BHX,Late
D20261030-BHX-E190-04,BHX,E190,2026-10-30 05:15:00,2026-10-30 13:55:00,2026-10-30,29,8.6667,4.917,4,1,1,BHX-BRU-BHX-AMS-BHX,Early
D20261030-EDI-A320-01,EDI,A320,2026-10-30 05:45:00,2026-10-30 16:35:00,2026-10-30,29,10.8333,8.583,2,1,1,EDI-TFS-EDI,Early
D20261030-EDI-A320-02,EDI,A320,2026-10-30 11:15:00,2026-10-30 20:30:00,2026-10-30,29,9.25,5.5,4,1,1,EDI-CDG-EDI-CDG-EDI,Mid
D20261030-EDI-A320-03,EDI,A320,2026-10-30 15:00:00,2026-10-30 23:00:00,2026-10-30,29,8.0,4.25,4,1,1,EDI-DUB-EDI-AMS-EDI,Late
D20261030-EDI-A320-04,EDI,A320,2026-10-30 06:00:00,2026-10-30 13:55:00,2026-10-30,29,7.9167,5.667,2,1,1,EDI-FAO-EDI,Early
D20261030-EDI-B737-01,EDI,B737,2026-10-30 05:00:00,2026-10-30 11:55:00,2026-10-30,29,6.9167,4.667,2,1,1,EDI-PMI-EDI,Early
D20261030-EDI-B737-02,EDI,B737,2026-10-30 10:45:00,2026-10-30 18:05:00,2026-10-30,29,7.3333,5.083,2,1,1,EDI-ALC-EDI,Mid
D20261030-EDI-B737-03,EDI,B737,2026-10-30 14:45:00,2026-10-30 21:35:00,2026-10-30,29,6.8333,4.583,2,1,1,EDI-PMI-EDI,Late
D20261030-EDI-B737-04,EDI,B737,2026-10-30 06:30:00,2026-10-30 16:00:00,2026-10-30,29,9.5,5.75,4,1,1,EDI-CDG-EDI-CDG-EDI,Early
D20261030-MAN-A320-01,MAN,A320,2026-10-30 06:15:00,2026-10-30 13:20:00,2026-10-30,29,7.0833,4.833,2,1,1,MAN-KRK-MAN,Early
D20261030-MAN-A320-02,MAN,A320,2026-10-30 10:15:00,2026-10-30 18:45:00,2026-10-30,29,8.5,4.75,4,1,1,MAN-BRU-MAN-AMS-MAN,Mid
D20261030-MAN-A320-03,MAN,A320,2026-10-30 15:15:00,2026-10-31 00:00:00,2026-10-30,29,8.75,5.0,4,1,1,MAN-DUB-MAN-CDG-MAN,Late
D20261030-MAN-A320-04,MAN,A320,2026-10-30 06:00:00,2026-10-30 15:15:00,2026-10-30,29,9.25,5.5,4,1,1,MAN-CDG-MAN-AMS-MAN,Early
D20261030-MAN-A320-05,MAN,A320,2026-10-30 11:00:00,2026-10-30 18:45:00,2026-10-30,29,7.75,5.5,2,1,1,MAN-FAO-MAN,Mid
D20261030-MAN-A320-06,MAN,A320,2026-10-30 15:30:00,2026-10-30 22:15:00,2026-10-30,29,6.75,4.5,2,1,1,MAN-PMI-MAN,Late
D20261030-MAN-A320-07,MAN,A320,2026-10-30 06:00:00,2026-10-30 12:20:00,2026-10-30,29,6.3333,4.083,2,1,1,MAN-BCN-MAN,Early
D20261030-MAN-B737-01,MAN,B737,2026-10-30 06:00:00,2026-10-30 13:30:00,2026-10-30,29,7.5,5.25,2,1,1,MAN-FCO-MAN,Early
D20261030-MAN-B737-02,MAN,B737,2026-10-30 11:00:00,2026-10-30 18:15:00,2026-10-30,29,7.25,5.0,2,1,1,MAN-KRK-MAN,Mid
D20261030-MAN-B737-03,MAN,B737,2026-10-30 15:00:00,2026-10-30 22:45:00,2026-10-30,29,7.75,5.5,2,1,1,MAN-FAO-MAN,Late
D20261030-MAN-B737-04,MAN,B737,2026-10-30 05:30:00,2026-10-30 13:05:00,2026-10-30,29,7.5833,5.333,2,1,1,MAN-FAO-MAN,Early
D20261030-MAN-B737-05,MAN,B737,2026-10-30 10:15:00,2026-10-30 18:45:00,2026-10-30,29,8.5,4.75,4,1,1,MAN-AMS-MAN-DUB-MAN,Mid
D20261031-BHX-A320-01,BHX,A320,2026-10-31 05:45:00,2026-10-31 16:05:00,2026-10-31,30,10.3333,8.083,2,1,1,BHX-TFS-BHX,Early
D20261031-BHX-A320-02,BHX,A320,2026-10-31 10:00:00,2026-10-31 18:15:00,2026-10-31,30,8.25,4.5,4,1,1,BHX-DUB-BHX-AMS-BHX,Mid
D20261031-BHX-A320-03,BHX,A320,2026-10-31 14:30:00,2026-10-31 21:10:00,2026-10-31,30,6.6667,4.417,2,1,1,BHX-PMI-BHX,Late
D20261031-BHX-A320-04,BHX,A320,2026-10-31 05:45:00,2026-10-31 16:30:00,2026-10-31,30,10.75,8.5,2,1,1,BHX-TFS-BHX,Early
D20261031-BHX-E190-01,BHX,E190,2026-10-31 06:30:00,2026-10-31 14:20:00,2026-10-31,30,7.8333,4.083,4,1,1,BHX-DUB-BHX-BRU-BHX,Early
D20261031-BHX-E190-02,BHX,E190,2026-10-31 10:45:00,2026-10-31 19:20:00,2026-10-31,30,8.5833,4.833,4,1,1,BHX-DUB-BHX-CDG-BHX,Mid
D20261031-BHX-E190-03,BHX,E190,2026-10-31 14:30:00,2026-10-31 23:00:00,2026-10-31,30,8.5,4.75,4,1,1,BHX-DUB-BHX-AMS-BHX,Late
D20261031-EDI-A320-01,EDI,A320,2026-10-31 05:15:00,2026-10-31 11:50:00,2026-10-31,30,6.5833,4.333,2,1,1,EDI-PRG-EDI,Early
D20261031-EDI-A320-02,EDI,A320,2026-10-31 10:45:00,2026-10-31 18:05:00,2026-10-31,30,7.3333,5.083,2,1,1,EDI-KRK-EDI,Mid
D20261031-EDI-A320-03,EDI,A320,2026-10-31 15:45:00,2026-10-31 22:10:00,2026-10-31,30,6.4167,4.167,2,1,1,EDI-PRG-EDI,Late
D20261031-EDI-B737-01,EDI,B737,2026-10-31 05:15:00,2026-10-31 11:50:00,2026-10-31,30,6.5833,4.333,2,1,1,EDI-BCN-EDI,Early
D20261031-EDI-B737-02,EDI,B737,2026-10-31 10:00:00,2026-10-31 17:35:00,2026-10-31,30,7.5833,5.333,2,1,1,EDI-FAO-EDI,Mid
D20261031-EDI-B737-03,EDI,B737,2026-10-31 15:00:00,2026-10-31 23:50:00,2026-10-31,30,8.8333,5.083,4,1,1,EDI-CDG-EDI-AMS-EDI,Late
D20261031-MAN-A320-01,MAN,A320,2026-10-31 06:15:00,2026-10-31 17:00:00,2026-10-31,30,10.75,8.5,2,1,1,MAN-TFS-MAN,Early
D20261031-MAN-A320-02,MAN,A320,2026-10-31 11:00:00,2026-10-31 18:25:00,2026-10-31,30,7.4167,5.167,2,1,1,MAN-KRK-MAN,Mid
D20261031-MAN-A320-03,MAN,A320,2026-10-31 14:45:00,2026-10-31 23:15:00,2026-10-31,30,8.5,4.75,4,1,1,MAN-CDG-MAN-BRU-MAN,Late
D20261031-MAN-A320-04,MAN,A320,2026-10-31 06:30:00,2026-10-31 15:05:00,2026-10-31,30,8.5833,4.833,4,1,1,MAN-AMS-MAN-BRU-MAN,Early
D20261031-MAN-A320-05,MAN,A320,2026-10-31 11:30:00,2026-10-31 18:15:00,2026-10-31,30,6.75,4.5,2,1,1,MAN-BCN-MAN,Mid
D20261031-MAN-A320-06,MAN,A320,2026-10-31 15:30:00,2026-10-31 22:00:00,2026-10-31,30,6.5,4.25,2,1,1,MAN-BCN-MAN,Late
D20261031-MAN-B737-01,MAN,B737,2026-10-31 06:00:00,2026-10-31 13:15:00,2026-10-31,30,7.25,5.0,2,1,1,MAN-ALC-MAN,Early
D20261031-MAN-B737-02,MAN,B737,2026-10-31 10:45:00,2026-10-31 19:20:00,2026-10-31,30,8.5833,4.833,4,1,1,MAN-AMS-MAN-BRU-MAN,Mid
D20261031-MAN-B737-03,MAN,B737,2026-10-31 15:30:00,2026-10-31 23:50:00,2026-10-31,30,8.3333,4.583,4,1,1,MAN-BRU-MAN-BRU-MAN,Late
D20261031-MAN-B737-04,MAN,B737,2026-10-31 05:00:00,2026-10-31 12:05:00,2026-10-31,30,7.0833,4.833,2,1,1,MAN-KRK-MAN,Early
